period,year,month,quarter,continentId,continentName,value,quantity
2021-01,2021,1,1,1A,ทวีปเอเชีย,208972197.0,778545.0
2021-01,2021,1,1,1C,ทวีปอเมริกาเหนือ,20821542.0,56858.0
2021-01,2021,1,1,1B,ทวีปยุโรป,6228555.0,23082.0
2021-01,2021,1,1,1F,ทวีปออสเตรเลีย,2326030.0,7326.0
2021-02,2021,2,1,1A,ทวีปเอเชีย,205579111.0,923679.0
2021-02,2021,2,1,1C,ทวีปอเมริกาเหนือ,16692849.0,76766.0
2021-02,2021,2,1,1B,ทวีปยุโรป,4793734.0,12130.0
2021-02,2021,2,1,1F,ทวีปออสเตรเลีย,1190176.0,3091.0
2021-03,2021,3,1,1A,ทวีปเอเชีย,346011059.0,1474087.0
2021-03,2021,3,1,1C,ทวีปอเมริกาเหนือ,10078706.0,20157.0
2021-03,2021,3,1,1F,ทวีปออสเตรเลีย,8508475.0,18845.0
2021-03,2021,3,1,1B,ทวีปยุโรป,770496.0,1656.0
2021-04,2021,4,2,1A,ทวีปเอเชีย,170842647.0,855995.0
2021-04,2021,4,2,1C,ทวีปอเมริกาเหนือ,24851278.0,97282.0
2021-04,2021,4,2,1F,ทวีปออสเตรเลีย,2818650.0,6966.0
2021-04,2021,4,2,1B,ทวีปยุโรป,1863029.0,3663.0
2021-05,2021,5,2,1A,ทวีปเอเชีย,748133968.0,3940371.0
2021-05,2021,5,2,1C,ทวีปอเมริกาเหนือ,69261225.0,281162.0
2021-05,2021,5,2,1F,ทวีปออสเตรเลีย,11615113.0,32665.0
2021-05,2021,5,2,1B,ทวีปยุโรป,4713103.0,12947.0
2021-06,2021,6,2,1A,ทวีปเอเชีย,478916774.0,2598585.0
2021-06,2021,6,2,1C,ทวีปอเมริกาเหนือ,109554882.0,518808.0
2021-06,2021,6,2,1F,ทวีปออสเตรเลีย,15426161.0,50719.0
2021-06,2021,6,2,1B,ทวีปยุโรป,3867256.0,11764.0
2021-07,2021,7,3,1A,ทวีปเอเชีย,989334382.0,5651634.0
2021-07,2021,7,3,1C,ทวีปอเมริกาเหนือ,98246175.0,408217.0
2021-07,2021,7,3,1F,ทวีปออสเตรเลีย,2456761.0,8399.0
2021-07,2021,7,3,1B,ทวีปยุโรป,2726862.0,5279.0
2021-08,2021,8,3,1A,ทวีปเอเชีย,1692785490.0,8693491.0
2021-08,2021,8,3,1C,ทวีปอเมริกาเหนือ,102521658.0,349635.0
2021-08,2021,8,3,1F,ทวีปออสเตรเลีย,43373293.0,123503.0
2021-08,2021,8,3,1B,ทวีปยุโรป,8720085.0,21362.0
2021-09,2021,9,3,1A,ทวีปเอเชีย,1208103024.0,7024319.0
2021-09,2021,9,3,1C,ทวีปอเมริกาเหนือ,99884636.0,252517.0
2021-09,2021,9,3,1F,ทวีปออสเตรเลีย,39850613.0,91944.0
2021-09,2021,9,3,1B,ทวีปยุโรป,6984726.0,16187.0
2021-09,2021,9,3,1D,ทวีปอเมริกาใต้,7151400.0,26100.0
2021-10,2021,10,4,1A,ทวีปเอเชีย,995287922.0,5584209.0
2021-10,2021,10,4,1C,ทวีปอเมริกาเหนือ,127361072.0,333936.0
2021-10,2021,10,4,1F,ทวีปออสเตรเลีย,25934602.0,66875.0
2021-10,2021,10,4,1B,ทวีปยุโรป,16849228.0,39790.0
2021-10,2021,10,4,1D,ทวีปอเมริกาใต้,0.0,0.0
2021-11,2021,11,4,1A,ทวีปเอเชีย,735274307.0,4574767.0
2021-11,2021,11,4,1C,ทวีปอเมริกาเหนือ,68738330.0,208485.0
2021-11,2021,11,4,1F,ทวีปออสเตรเลีย,20545246.0,42073.0
2021-11,2021,11,4,1B,ทวีปยุโรป,6860127.0,17370.0
2021-11,2021,11,4,1D,ทวีปอเมริกาใต้,0.0,0.0
2021-12,2021,12,4,1A,ทวีปเอเชีย,650790884.0,4327706.0
2021-12,2021,12,4,1C,ทวีปอเมริกาเหนือ,127104513.0,377712.0
2021-12,2021,12,4,1F,ทวีปออสเตรเลีย,15107589.0,33170.0
2021-12,2021,12,4,1B,ทวีปยุโรป,7300571.0,17104.0
2021-12,2021,12,4,1D,ทวีปอเมริกาใต้,0.0,0.0
2022-01,2022,1,1,1A,ทวีปเอเชีย,482556580.0,2808293.0
2022-01,2022,1,1,1C,ทวีปอเมริกาเหนือ,25278132.0,52149.0
2022-01,2022,1,1,1F,ทวีปออสเตรเลีย,7963553.0,17315.0
2022-01,2022,1,1,1B,ทวีปยุโรป,1872301.0,4583.0
2022-02,2022,2,1,1A,ทวีปเอเชีย,413534006.0,2246919.0
2022-02,2022,2,1,1C,ทวีปอเมริกาเหนือ,25597002.0,88944.0
2022-02,2022,2,1,1F,ทวีปออสเตรเลีย,4529042.0,15982.0
2022-02,2022,2,1,1B,ทวีปยุโรป,2544712.0,6293.0
2022-03,2022,3,1,1A,ทวีปเอเชีย,289307297.0,1642112.0
2022-03,2022,3,1,1C,ทวีปอเมริกาเหนือ,11800003.0,38977.0
2022-03,2022,3,1,1F,ทวีปออสเตรเลีย,5208745.0,9054.0
2022-03,2022,3,1,1B,ทวีปยุโรป,497532.0,1221.0
2022-04,2022,4,2,1A,ทวีปเอเชีย,178859088.0,1104179.0
2022-04,2022,4,2,1C,ทวีปอเมริกาเหนือ,23469828.0,66925.0
2022-04,2022,4,2,1F,ทวีปออสเตรเลีย,0.0,0.0
2022-04,2022,4,2,1B,ทวีปยุโรป,969011.0,1986.0
2022-05,2022,5,2,1A,ทวีปเอเชีย,585642963.0,2967743.0
2022-05,2022,5,2,1C,ทวีปอเมริกาเหนือ,10278274.0,37058.0
2022-05,2022,5,2,1F,ทวีปออสเตรเลีย,4635766.0,7985.0
2022-05,2022,5,2,1B,ทวีปยุโรป,4995615.0,17795.0
2022-06,2022,6,2,1A,ทวีปเอเชีย,2653990700.0,15257432.0
2022-06,2022,6,2,1C,ทวีปอเมริกาเหนือ,48938614.0,157907.0
2022-06,2022,6,2,1F,ทวีปออสเตรเลีย,26930228.0,92535.0
2022-06,2022,6,2,1B,ทวีปยุโรป,8675823.0,19631.0
2022-07,2022,7,3,1A,ทวีปเอเชีย,2709037030.0,16099920.0
2022-07,2022,7,3,1C,ทวีปอเมริกาเหนือ,35279847.0,102409.0
2022-07,2022,7,3,1F,ทวีปออสเตรเลีย,24725524.0,78506.0
2022-07,2022,7,3,1B,ทวีปยุโรป,8365543.0,19436.0
2022-08,2022,8,3,1A,ทวีปเอเชีย,1764748578.0,10359727.0
2022-08,2022,8,3,1C,ทวีปอเมริกาเหนือ,59649622.0,222399.0
2022-08,2022,8,3,1F,ทวีปออสเตรเลีย,22635022.0,69445.0
2022-08,2022,8,3,1B,ทวีปยุโรป,3382351.0,6724.0
2022-09,2022,9,3,1A,ทวีปเอเชีย,2212009247.0,14282815.0
2022-09,2022,9,3,1C,ทวีปอเมริกาเหนือ,61809288.0,161173.0
2022-09,2022,9,3,1F,ทวีปออสเตรเลีย,17393227.0,56192.0
2022-09,2022,9,3,1B,ทวีปยุโรป,6375198.0,13680.0
2022-10,2022,10,4,1A,ทวีปเอเชีย,1545125549.0,10299978.0
2022-10,2022,10,4,1C,ทวีปอเมริกาเหนือ,39314863.0,89459.0
2022-10,2022,10,4,1F,ทวีปออสเตรเลีย,16288130.0,43300.0
2022-10,2022,10,4,1B,ทวีปยุโรป,3787166.0,6117.0
2022-11,2022,11,4,1A,ทวีปเอเชีย,833195314.0,4733251.0
2022-11,2022,11,4,1C,ทวีปอเมริกาเหนือ,31328331.0,87982.0
2022-11,2022,11,4,1F,ทวีปออสเตรเลีย,17787233.0,50829.0
2022-11,2022,11,4,1B,ทวีปยุโรป,1946963.0,3114.0
2022-12,2022,12,4,1A,ทวีปเอเชีย,694301977.0,3977941.0
2022-12,2022,12,4,1C,ทวีปอเมริกาเหนือ,24636634.0,92134.0
2022-12,2022,12,4,1F,ทวีปออสเตรเลีย,9092090.0,34642.0
2022-12,2022,12,4,1B,ทวีปยุโรป,3150138.0,7719.0
2023-01,2023,1,1,1A,ทวีปเอเชีย,398647625.0,1925309.0
2023-01,2023,1,1,1C,ทวีปอเมริกาเหนือ,24160223.0,63283.0
2023-01,2023,1,1,1F,ทวีปออสเตรเลีย,8611502.0,27684.0
2023-01,2023,1,1,1B,ทวีปยุโรป,10030605.0,24520.0
2023-02,2023,2,1,1A,ทวีปเอเชีย,614206929.0,3715086.0
2023-02,2023,2,1,1C,ทวีปอเมริกาเหนือ,16294891.0,43377.0
2023-02,2023,2,1,1F,ทวีปออสเตรเลีย,6273783.0,24789.0
2023-02,2023,2,1,1B,ทวีปยุโรป,2519209.0,3880.0
2023-03,2023,3,1,1A,ทวีปเอเชีย,583022334.0,3482485.0
2023-03,2023,3,1,1C,ทวีปอเมริกาเหนือ,17528101.0,51998.0
2023-03,2023,3,1,1F,ทวีปออสเตรเลีย,14258237.0,46918.0
2023-03,2023,3,1,1B,ทวีปยุโรป,3572050.0,6872.0
2023-04,2023,4,2,1A,ทวีปเอเชีย,1476502335.0,6297733.0
2023-04,2023,4,2,1C,ทวีปอเมริกาเหนือ,15705737.0,39198.0
2023-04,2023,4,2,1F,ทวีปออสเตรเลีย,9207662.0,29330.0
2023-04,2023,4,2,1B,ทวีปยุโรป,2744500.0,8280.0
2023-05,2023,5,2,1A,ทวีปเอเชีย,1475729185.0,6192490.0
2023-05,2023,5,2,1C,ทวีปอเมริกาเหนือ,41709344.0,147561.0
2023-05,2023,5,2,1F,ทวีปออสเตรเลีย,1386848.0,3134.0
2023-05,2023,5,2,1B,ทวีปยุโรป,6939253.0,15639.0
2023-06,2023,6,2,1A,ทวีปเอเชีย,1530903424.0,6552960.0
2023-06,2023,6,2,1C,ทวีปอเมริกาเหนือ,36871873.0,138976.0
2023-06,2023,6,2,1F,ทวีปออสเตรเลีย,10816461.0,38468.0
2023-06,2023,6,2,1B,ทวีปยุโรป,860620.0,2221.0
2023-07,2023,7,3,1A,ทวีปเอเชีย,3291511854.0,14317139.0
2023-07,2023,7,3,1C,ทวีปอเมริกาเหนือ,48095356.0,114841.0
2023-07,2023,7,3,1F,ทวีปออสเตรเลีย,11758426.0,40395.0
2023-07,2023,7,3,1B,ทวีปยุโรป,5989326.0,21716.0
2023-08,2023,8,3,1A,ทวีปเอเชีย,2584020683.0,10939561.0
2023-08,2023,8,3,1C,ทวีปอเมริกาเหนือ,45569474.0,194140.0
2023-08,2023,8,3,1F,ทวีปออสเตรเลีย,12815944.0,35064.0
2023-08,2023,8,3,1B,ทวีปยุโรป,2176067.0,5510.0
2023-09,2023,9,3,1A,ทวีปเอเชีย,5032775383.0,21244796.0
2023-09,2023,9,3,1C,ทวีปอเมริกาเหนือ,52416065.0,205266.0
2023-09,2023,9,3,1F,ทวีปออสเตรเลีย,8691194.0,16413.0
2023-09,2023,9,3,1B,ทวีปยุโรป,4526332.0,10407.0
2023-10,2023,10,4,1A,ทวีปเอเชีย,2982919513.0,13359622.0
2023-10,2023,10,4,1C,ทวีปอเมริกาเหนือ,75225344.0,202206.0
2023-10,2023,10,4,1F,ทวีปออสเตรเลีย,15584929.0,55125.0
2023-10,2023,10,4,1B,ทวีปยุโรป,13342127.0,27399.0
2023-11,2023,11,4,1A,ทวีปเอเชีย,1370992558.0,5899152.0
2023-11,2023,11,4,1C,ทวีปอเมริกาเหนือ,51933013.0,147435.0
2023-11,2023,11,4,1F,ทวีปออสเตรเลีย,3313869.0,7051.0
2023-11,2023,11,4,1B,ทวีปยุโรป,7913997.0,20173.0
2023-12,2023,12,4,1A,ทวีปเอเชีย,875855047.0,3718947.0
2023-12,2023,12,4,1C,ทวีปอเมริกาเหนือ,39631436.0,135819.0
2023-12,2023,12,4,1F,ทวีปออสเตรเลีย,15456917.0,55099.0
2023-12,2023,12,4,1B,ทวีปยุโรป,2782712.0,6703.0
2024-01,2024,1,1,1A,ทวีปเอเชีย,806301534.0,3312390.0
2024-01,2024,1,1,1C,ทวีปอเมริกาเหนือ,14741248.0,43869.0
2024-01,2024,1,1,1F,ทวีปออสเตรเลีย,11455615.0,23499.0
2024-01,2024,1,1,1B,ทวีปยุโรป,3646344.0,6956.0
2024-02,2024,2,1,1A,ทวีปเอเชีย,480989553.0,2406548.0
2024-02,2024,2,1,1F,ทวีปออสเตรเลีย,13331948.0,34863.0
2024-02,2024,2,1,1C,ทวีปอเมริกาเหนือ,21402713.0,59573.0
2024-02,2024,2,1,1B,ทวีปยุโรป,1456413.0,3032.0
2024-03,2024,3,1,1A,ทวีปเอเชีย,1030796958.0,4569493.0
2024-03,2024,3,1,1C,ทวีปอเมริกาเหนือ,11324641.0,33704.0
2024-03,2024,3,1,1F,ทวีปออสเตรเลีย,2550209.0,8139.0
2024-03,2024,3,1,1B,ทวีปยุโรป,0.0,0.0
2024-04,2024,4,2,1A,ทวีปเอเชีย,995769580.0,4197473.0
2024-04,2024,4,2,1C,ทวีปอเมริกาเหนือ,7572463.0,15288.0
2024-04,2024,4,2,1F,ทวีปออสเตรเลีย,700418.0,2748.0
2024-04,2024,4,2,1B,ทวีปยุโรป,2538452.0,3926.0
2024-05,2024,5,2,1A,ทวีปเอเชีย,1578297282.0,6125002.0
2024-05,2024,5,2,1F,ทวีปออสเตรเลีย,16394931.0,49792.0
2024-05,2024,5,2,1C,ทวีปอเมริกาเหนือ,11181906.0,26508.0
2024-05,2024,5,2,1B,ทวีปยุโรป,9467766.0,18696.0
2024-06,2024,6,2,1A,ทวีปเอเชีย,1746545449.0,6847543.0
2024-06,2024,6,2,1C,ทวีปอเมริกาเหนือ,29879048.0,87422.0
2024-06,2024,6,2,1F,ทวีปออสเตรเลีย,11234693.0,33248.0
2024-06,2024,6,2,1B,ทวีปยุโรป,2090200.0,4602.0
2024-07,2024,7,3,1A,ทวีปเอเชีย,1838999981.0,6853979.0
2024-07,2024,7,3,1C,ทวีปอเมริกาเหนือ,73892490.0,198123.0
2024-07,2024,7,3,1F,ทวีปออสเตรเลีย,7786994.0,13852.0
2024-07,2024,7,3,1B,ทวีปยุโรป,11645563.0,25710.0
2024-08,2024,8,3,1A,ทวีปเอเชีย,3801460042.0,15127503.0
2024-08,2024,8,3,1C,ทวีปอเมริกาเหนือ,64090369.0,225361.0
2024-08,2024,8,3,1F,ทวีปออสเตรเลีย,10406072.0,29437.0
2024-08,2024,8,3,1B,ทวีปยุโรป,5052564.0,9968.0
2024-09,2024,9,3,1A,ทวีปเอเชีย,3127247082.0,13956500.0
2024-09,2024,9,3,1C,ทวีปอเมริกาเหนือ,68587298.0,241133.0
2024-09,2024,9,3,1F,ทวีปออสเตรเลีย,25602723.0,56289.0
2024-09,2024,9,3,1B,ทวีปยุโรป,5852741.0,12767.0
2024-10,2024,10,4,1A,ทวีปเอเชีย,2495091450.0,12086264.0
2024-10,2024,10,4,1C,ทวีปอเมริกาเหนือ,50443847.0,159047.0
2024-10,2024,10,4,1F,ทวีปออสเตรเลีย,28473057.0,72052.0
2024-10,2024,10,4,1B,ทวีปยุโรป,16064722.0,37609.0
2024-11,2024,11,4,1A,ทวีปเอเชีย,2540291231.0,12142448.0
2024-11,2024,11,4,1C,ทวีปอเมริกาเหนือ,64927507.0,167530.0
2024-11,2024,11,4,1F,ทวีปออสเตรเลีย,15194131.0,43179.0
2024-11,2024,11,4,1B,ทวีปยุโรป,2485135.0,4273.0
2024-12,2024,12,4,1A,ทวีปเอเชีย,1573141625.0,7493891.0
2024-12,2024,12,4,1C,ทวีปอเมริกาเหนือ,35105799.0,91101.0
2024-12,2024,12,4,1F,ทวีปออสเตรเลีย,11737576.0,34851.0
2024-12,2024,12,4,1B,ทวีปยุโรป,9866304.0,17299.0
2025-01,2025,1,1,1A,ทวีปเอเชีย,1290202151.0,5352576.0
2025-01,2025,1,1,1C,ทวีปอเมริกาเหนือ,16157048.0,43266.0
2025-01,2025,1,1,1B,ทวีปยุโรป,9321563.0,18471.0
2025-01,2025,1,1,1F,ทวีปออสเตรเลีย,5964963.0,9837.0
2025-02,2025,2,1,1A,ทวีปเอเชีย,88197470.0,320852.0
2025-02,2025,2,1,1C,ทวีปอเมริกาเหนือ,38189918.0,70627.0
2025-02,2025,2,1,1B,ทวีปยุโรป,1104748.0,1724.0
2025-02,2025,2,1,1F,ทวีปออสเตรเลีย,498283.0,1644.0
2025-03,2025,3,1,1A,ทวีปเอเชีย,1488152815.0,5456020.0
2025-03,2025,3,1,1C,ทวีปอเมริกาเหนือ,22673217.0,64833.0
2025-03,2025,3,1,1F,ทวีปออสเตรเลีย,14711058.0,40145.0
2025-03,2025,3,1,1B,ทวีปยุโรป,6340503.0,13187.0
2025-04,2025,4,2,1A,ทวีปเอเชีย,1401628360.0,4873265.0
2025-04,2025,4,2,1C,ทวีปอเมริกาเหนือ,27666850.0,61511.0
2025-04,2025,4,2,1F,ทวีปออสเตรเลีย,9862637.0,35689.0
2025-04,2025,4,2,1B,ทวีปยุโรป,6307826.0,13130.0
2025-05,2025,5,2,1A,ทวีปเอเชีย,1743599883.0,6096288.0
2025-05,2025,5,2,1C,ทวีปอเมริกาเหนือ,42352657.0,106536.0
2025-05,2025,5,2,1F,ทวีปออสเตรเลีย,317276.0,495.0
2025-05,2025,5,2,1B,ทวีปยุโรป,11673887.0,24890.0
2025-06,2025,6,2,1A,ทวีปเอเชีย,2437100963.0,9696719.0
2025-06,2025,6,2,1C,ทวีปอเมริกาเหนือ,49575248.0,117657.0
2025-06,2025,6,2,1F,ทวีปออสเตรเลีย,10019598.0,20131.0
2025-06,2025,6,2,1B,ทวีปยุโรป,5495878.0,11715.0
2025-07,2025,7,3,1A,ทวีปเอเชีย,3321109727.0,14628912.0
2025-07,2025,7,3,1C,ทวีปอเมริกาเหนือ,50066131.0,131645.0
2025-07,2025,7,3,1F,ทวีปออสเตรเลีย,6105656.0,17645.0
2025-07,2025,7,3,1B,ทวีปยุโรป,4959333.0,12399.0
2025-08,2025,8,3,1A,ทวีปเอเชีย,2267840330.0,10681743.0
2025-08,2025,8,3,1C,ทวีปอเมริกาเหนือ,40492801.0,128038.0
2025-08,2025,8,3,1F,ทวีปออสเตรเลีย,8375670.0,36418.0
2025-08,2025,8,3,1B,ทวีปยุโรป,5234897.0,13663.0
2025-09,2025,9,3,1A,ทวีปเอเชีย,800369268.0,3605351.0
2025-09,2025,9,3,1C,ทวีปอเมริกาเหนือ,54163003.0,141732.0
2025-09,2025,9,3,1F,ทวีปออสเตรเลีย,10432459.0,32933.0
2025-09,2025,9,3,1B,ทวีปยุโรป,6870382.0,14748.0
2025-10,2025,10,4,1A,ทวีปเอเชีย,543118441.0,2560361.0
2025-10,2025,10,4,1C,ทวีปอเมริกาเหนือ,33544566.0,77000.0
2025-10,2025,10,4,1F,ทวีปออสเตรเลีย,16581598.0,56303.0
2025-10,2025,10,4,1B,ทวีปยุโรป,6458847.0,18803.0
2025-11,2025,11,4,1A,ทวีปเอเชีย,640289823.0,3028582.0
2025-11,2025,11,4,1C,ทวีปอเมริกาเหนือ,57393153.0,114973.0
2025-11,2025,11,4,1F,ทวีปออสเตรเลีย,3462045.0,6590.0
2025-11,2025,11,4,1B,ทวีปยุโรป,2186729.0,4541.0
2025-12,2025,12,4,1A,ทวีปเอเชีย,434917527.0,1883779.0
2025-12,2025,12,4,1C,ทวีปอเมริกาเหนือ,32696879.0,84348.0
2025-12,2025,12,4,1F,ทวีปออสเตรเลีย,5181596.0,9832.0
2025-12,2025,12,4,1B,ทวีปยุโรป,3788631.0,8571.0
2026-01,2026,1,1,1A,ทวีปเอเชีย,418816889.0,2319762.0
2026-01,2026,1,1,1C,ทวีปอเมริกาเหนือ,16633338.0,42455.0
2026-01,2026,1,1,1F,ทวีปออสเตรเลีย,3506855.0,8325.0
2026-01,2026,1,1,1B,ทวีปยุโรป,245414.0,490.0
2026-02,2026,2,1,1A,ทวีปเอเชีย,435743055.0,2370317.0
2026-02,2026,2,1,1C,ทวีปอเมริกาเหนือ,32977982.0,75216.0
2026-02,2026,2,1,1F,ทวีปออสเตรเลีย,12503776.0,40160.0
2026-02,2026,2,1,1B,ทวีปยุโรป,4672485.0,10923.0
2026-03,2026,3,1,1A,ทวีปเอเชีย,379424396.0,1938102.0
2026-03,2026,3,1,1C,ทวีปอเมริกาเหนือ,53819700.0,120204.0
2026-03,2026,3,1,1F,ทวีปออสเตรเลีย,10563499.0,48224.0
2026-03,2026,3,1,1B,ทวีปยุโรป,1533303.0,3222.0
2026-04,2026,4,2,1A,ทวีปเอเชีย,253749188.0,1047218.0
2026-04,2026,4,2,1C,ทวีปอเมริกาเหนือ,20030874.0,42333.0
2026-04,2026,4,2,1F,ทวีปออสเตรเลีย,1939815.0,4509.0
2026-04,2026,4,2,1B,ทวีปยุโรป,3365773.0,7286.0
