period,year,month,quarter,countryId,countryCode,countryName,continentId,continentName,value,quantity
2021-01,2021,1,1,302,CN,จีน,1A,ทวีปเอเชีย,208409550.0,776687.0
2021-01,2021,1,1,373,US,สหรัฐอเมริกา,1C,ทวีปอเมริกาเหนือ,15688113.0,39038.0
2021-01,2021,1,1,371,CA,แคนาดา,1C,ทวีปอเมริกาเหนือ,5133429.0,17820.0
2021-01,2021,1,1,319,FR,ฝรั่งเศส,1B,ทวีปยุโรป,5002937.0,18392.0
2021-01,2021,1,1,483,AU,ออสเตรเลีย,1F,ทวีปออสเตรเลีย,2326030.0,7326.0
2021-01,2021,1,1,325,NL,เนเธอร์แลนด์,1B,ทวีปยุโรป,1075028.0,3981.0
2021-01,2021,1,1,303,HK,ฮ่องกง,1A,ทวีปเอเชีย,562647.0,1858.0
2021-01,2021,1,1,316,DK,เดนมาร์ก,1B,ทวีปยุโรป,109090.0,600.0
2021-01,2021,1,1,327,SE,สวีเดน,1B,ทวีปยุโรป,41500.0,109.0
2021-02,2021,2,1,302,CN,จีน,1A,ทวีปเอเชีย,196711350.0,898859.0
2021-02,2021,2,1,373,US,สหรัฐอเมริกา,1C,ทวีปอเมริกาเหนือ,15659464.0,74095.0
2021-02,2021,2,1,267,ID,อินโดนีเซีย,1A,ทวีปเอเชีย,7005436.0,16820.0
2021-02,2021,2,1,371,CA,แคนาดา,1C,ทวีปอเมริกาเหนือ,1033385.0,2671.0
2021-02,2021,2,1,319,FR,ฝรั่งเศส,1B,ทวีปยุโรป,270424.0,545.0
2021-02,2021,2,1,325,NL,เนเธอร์แลนด์,1B,ทวีปยุโรป,4071263.0,10858.0
2021-02,2021,2,1,483,AU,ออสเตรเลีย,1F,ทวีปออสเตรเลีย,385889.0,1276.0
2021-02,2021,2,1,304,JP,ญี่ปุ่น,1A,ทวีปเอเชีย,1862325.0,8000.0
2021-02,2021,2,1,497,NZ,นิวซีแลนด์,1F,ทวีปออสเตรเลีย,804287.0,1815.0
2021-02,2021,2,1,303,HK,ฮ่องกง,1A,ทวีปเอเชีย,0.0,0.0
2021-02,2021,2,1,327,SE,สวีเดน,1B,ทวีปยุโรป,339666.0,545.0
2021-02,2021,2,1,356,CH,สวิตเซอร์แลนด์,1B,ทวีปยุโรป,112381.0,182.0
2021-02,2021,2,1,316,DK,เดนมาร์ก,1B,ทวีปยุโรป,0.0,0.0
2021-03,2021,3,1,302,CN,จีน,1A,ทวีปเอเชีย,341606134.0,1461879.0
2021-03,2021,3,1,373,US,สหรัฐอเมริกา,1C,ทวีปอเมริกาเหนือ,9187227.0,18174.0
2021-03,2021,3,1,483,AU,ออสเตรเลีย,1F,ทวีปออสเตรเลีย,8508475.0,18845.0
2021-03,2021,3,1,371,CA,แคนาดา,1C,ทวีปอเมริกาเหนือ,891479.0,1983.0
2021-03,2021,3,1,267,ID,อินโดนีเซีย,1A,ทวีปเอเชีย,0.0,0.0
2021-03,2021,3,1,319,FR,ฝรั่งเศส,1B,ทวีปยุโรป,342316.0,545.0
2021-03,2021,3,1,325,NL,เนเธอร์แลนด์,1B,ทวีปยุโรป,384721.0,871.0
2021-03,2021,3,1,306,KR,เกาหลีใต้,1A,ทวีปเอเชีย,2644960.0,6750.0
2021-03,2021,3,1,303,HK,ฮ่องกง,1A,ทวีปเอเชีย,1759965.0,5458.0
2021-03,2021,3,1,304,JP,ญี่ปุ่น,1A,ทวีปเอเชีย,0.0,0.0
2021-03,2021,3,1,497,NZ,นิวซีแลนด์,1F,ทวีปออสเตรเลีย,0.0,0.0
2021-03,2021,3,1,327,SE,สวีเดน,1B,ทวีปยุโรป,0.0,0.0
2021-03,2021,3,1,356,CH,สวิตเซอร์แลนด์,1B,ทวีปยุโรป,0.0,0.0
2021-03,2021,3,1,316,DK,เดนมาร์ก,1B,ทวีปยุโรป,0.0,0.0
2021-03,2021,3,1,315,DE,เยอรมนี,1B,ทวีปยุโรป,43459.0,240.0
2021-04,2021,4,2,302,CN,จีน,1A,ทวีปเอเชีย,167100805.0,843876.0
2021-04,2021,4,2,373,US,สหรัฐอเมริกา,1C,ทวีปอเมริกาเหนือ,20167442.0,83627.0
2021-04,2021,4,2,483,AU,ออสเตรเลีย,1F,ทวีปออสเตรเลีย,2579658.0,6486.0
2021-04,2021,4,2,371,CA,แคนาดา,1C,ทวีปอเมริกาเหนือ,4683836.0,13655.0
2021-04,2021,4,2,319,FR,ฝรั่งเศส,1B,ทวีปยุโรป,1483399.0,2649.0
2021-04,2021,4,2,267,ID,อินโดนีเซีย,1A,ทวีปเอเชีย,0.0,0.0
2021-04,2021,4,2,325,NL,เนเธอร์แลนด์,1B,ทวีปยุโรป,379630.0,1014.0
2021-04,2021,4,2,303,HK,ฮ่องกง,1A,ทวีปเอเชีย,3029094.0,7707.0
2021-04,2021,4,2,306,KR,เกาหลีใต้,1A,ทวีปเอเชีย,0.0,0.0
2021-04,2021,4,2,304,JP,ญี่ปุ่น,1A,ทวีปเอเชีย,0.0,0.0
2021-04,2021,4,2,497,NZ,นิวซีแลนด์,1F,ทวีปออสเตรเลีย,238992.0,480.0
2021-04,2021,4,2,309,TW,ไต้หวัน,1A,ทวีปเอเชีย,712748.0,4412.0
2021-04,2021,4,2,327,SE,สวีเดน,1B,ทวีปยุโรป,0.0,0.0
2021-04,2021,4,2,356,CH,สวิตเซอร์แลนด์,1B,ทวีปยุโรป,0.0,0.0
2021-04,2021,4,2,316,DK,เดนมาร์ก,1B,ทวีปยุโรป,0.0,0.0
2021-04,2021,4,2,315,DE,เยอรมนี,1B,ทวีปยุโรป,0.0,0.0
2021-05,2021,5,2,302,CN,จีน,1A,ทวีปเอเชีย,743576332.0,3922144.0
2021-05,2021,5,2,373,US,สหรัฐอเมริกา,1C,ทวีปอเมริกาเหนือ,43247861.0,193724.0
2021-05,2021,5,2,371,CA,แคนาดา,1C,ทวีปอเมริกาเหนือ,26013364.0,87438.0
2021-05,2021,5,2,483,AU,ออสเตรเลีย,1F,ทวีปออสเตรเลีย,7923479.0,25577.0
2021-05,2021,5,2,303,HK,ฮ่องกง,1A,ทวีปเอเชีย,3828424.0,9827.0
2021-05,2021,5,2,319,FR,ฝรั่งเศส,1B,ทวีปยุโรป,1472266.0,4335.0
2021-05,2021,5,2,267,ID,อินโดนีเซีย,1A,ทวีปเอเชีย,0.0,0.0
2021-05,2021,5,2,325,NL,เนเธอร์แลนด์,1B,ทวีปยุโรป,477770.0,1243.0
2021-05,2021,5,2,497,NZ,นิวซีแลนด์,1F,ทวีปออสเตรเลีย,3691634.0,7088.0
2021-05,2021,5,2,306,KR,เกาหลีใต้,1A,ทวีปเอเชีย,0.0,0.0
2021-05,2021,5,2,315,DE,เยอรมนี,1B,ทวีปยุโรป,2341414.0,6324.0
2021-05,2021,5,2,304,JP,ญี่ปุ่น,1A,ทวีปเอเชีย,0.0,0.0
2021-05,2021,5,2,309,TW,ไต้หวัน,1A,ทวีปเอเชีย,729212.0,8400.0
2021-05,2021,5,2,366,NO,นอร์เวย์,1B,ทวีปยุโรป,421653.0,1045.0
2021-05,2021,5,2,327,SE,สวีเดน,1B,ทวีปยุโรป,0.0,0.0
2021-05,2021,5,2,356,CH,สวิตเซอร์แลนด์,1B,ทวีปยุโรป,0.0,0.0
2021-05,2021,5,2,316,DK,เดนมาร์ก,1B,ทวีปยุโรป,0.0,0.0
2021-06,2021,6,2,302,CN,จีน,1A,ทวีปเอเชีย,470130114.0,2562133.0
2021-06,2021,6,2,373,US,สหรัฐอเมริกา,1C,ทวีปอเมริกาเหนือ,95633539.0,468496.0
2021-06,2021,6,2,371,CA,แคนาดา,1C,ทวีปอเมริกาเหนือ,13921343.0,50312.0
2021-06,2021,6,2,483,AU,ออสเตรเลีย,1F,ทวีปออสเตรเลีย,15426161.0,50719.0
2021-06,2021,6,2,303,HK,ฮ่องกง,1A,ทวีปเอเชีย,1719072.0,4459.0
2021-06,2021,6,2,319,FR,ฝรั่งเศส,1B,ทวีปยุโรป,1040783.0,2225.0
2021-06,2021,6,2,325,NL,เนเธอร์แลนด์,1B,ทวีปยุโรป,2155283.0,7597.0
2021-06,2021,6,2,267,ID,อินโดนีเซีย,1A,ทวีปเอเชีย,0.0,0.0
2021-06,2021,6,2,306,KR,เกาหลีใต้,1A,ทวีปเอเชีย,3330799.0,13853.0
2021-06,2021,6,2,497,NZ,นิวซีแลนด์,1F,ทวีปออสเตรเลีย,0.0,0.0
2021-06,2021,6,2,309,TW,ไต้หวัน,1A,ทวีปเอเชีย,1486422.0,12976.0
2021-06,2021,6,2,304,JP,ญี่ปุ่น,1A,ทวีปเอเชีย,988266.0,2160.0
2021-06,2021,6,2,315,DE,เยอรมนี,1B,ทวีปยุโรป,0.0,0.0
2021-06,2021,6,2,308,MO,มาเก๊า,1A,ทวีปเอเชีย,1261401.0,3000.0
2021-06,2021,6,2,366,NO,นอร์เวย์,1B,ทวีปยุโรป,227364.0,1000.0
2021-06,2021,6,2,320,GB,สหราชอาณาจักร,1B,ทวีปยุโรป,443826.0,942.0
2021-06,2021,6,2,327,SE,สวีเดน,1B,ทวีปยุโรป,0.0,0.0
2021-06,2021,6,2,356,CH,สวิตเซอร์แลนด์,1B,ทวีปยุโรป,0.0,0.0
2021-06,2021,6,2,316,DK,เดนมาร์ก,1B,ทวีปยุโรป,0.0,0.0
2021-06,2021,6,2,285,AE,สหรัฐอาหรับเอมิเรตส์,1A,ทวีปเอเชีย,700.0,4.0
2021-07,2021,7,3,302,CN,จีน,1A,ทวีปเอเชีย,981813568.0,5616487.0
2021-07,2021,7,3,373,US,สหรัฐอเมริกา,1C,ทวีปอเมริกาเหนือ,87598971.0,368104.0
2021-07,2021,7,3,371,CA,แคนาดา,1C,ทวีปอเมริกาเหนือ,10647204.0,40113.0
2021-07,2021,7,3,483,AU,ออสเตรเลีย,1F,ทวีปออสเตรเลีย,704437.0,1272.0
2021-07,2021,7,3,303,HK,ฮ่องกง,1A,ทวีปเอเชีย,5567197.0,17031.0
2021-07,2021,7,3,319,FR,ฝรั่งเศส,1B,ทวีปยุโรป,1157578.0,1920.0
2021-07,2021,7,3,325,NL,เนเธอร์แลนด์,1B,ทวีปยุโรป,0.0,0.0
2021-07,2021,7,3,267,ID,อินโดนีเซีย,1A,ทวีปเอเชีย,0.0,0.0
2021-07,2021,7,3,497,NZ,นิวซีแลนด์,1F,ทวีปออสเตรเลีย,1752324.0,7127.0
2021-07,2021,7,3,306,KR,เกาหลีใต้,1A,ทวีปเอเชีย,0.0,0.0
2021-07,2021,7,3,309,TW,ไต้หวัน,1A,ทวีปเอเชีย,1953617.0,18116.0
2021-07,2021,7,3,304,JP,ญี่ปุ่น,1A,ทวีปเอเชีย,0.0,0.0
2021-07,2021,7,3,315,DE,เยอรมนี,1B,ทวีปยุโรป,5537.0,19.0
2021-07,2021,7,3,320,GB,สหราชอาณาจักร,1B,ทวีปยุโรป,1151321.0,2179.0
2021-07,2021,7,3,308,MO,มาเก๊า,1A,ทวีปเอเชีย,0.0,0.0
2021-07,2021,7,3,327,SE,สวีเดน,1B,ทวีปยุโรป,412426.0,1161.0
2021-07,2021,7,3,366,NO,นอร์เวย์,1B,ทวีปยุโรป,0.0,0.0
2021-07,2021,7,3,356,CH,สวิตเซอร์แลนด์,1B,ทวีปยุโรป,0.0,0.0
2021-07,2021,7,3,316,DK,เดนมาร์ก,1B,ทวีปยุโรป,0.0,0.0
2021-07,2021,7,3,285,AE,สหรัฐอาหรับเอมิเรตส์,1A,ทวีปเอเชีย,0.0,0.0
2021-08,2021,8,3,302,CN,จีน,1A,ทวีปเอเชีย,1681424458.0,8653632.0
2021-08,2021,8,3,373,US,สหรัฐอเมริกา,1C,ทวีปอเมริกาเหนือ,88105755.0,303815.0
2021-08,2021,8,3,483,AU,ออสเตรเลีย,1F,ทวีปออสเตรเลีย,42860566.0,122522.0
2021-08,2021,8,3,371,CA,แคนาดา,1C,ทวีปอเมริกาเหนือ,14415903.0,45820.0
2021-08,2021,8,3,303,HK,ฮ่องกง,1A,ทวีปเอเชีย,2351945.0,6744.0
2021-08,2021,8,3,319,FR,ฝรั่งเศส,1B,ทวีปยุโรป,1610305.0,3444.0
2021-08,2021,8,3,325,NL,เนเธอร์แลนด์,1B,ทวีปยุโรป,2435959.0,7026.0
2021-08,2021,8,3,267,ID,อินโดนีเซีย,1A,ทวีปเอเชีย,2492342.0,7020.0
2021-08,2021,8,3,306,KR,เกาหลีใต้,1A,ทวีปเอเชีย,3105661.0,9000.0
2021-08,2021,8,3,309,TW,ไต้หวัน,1A,ทวีปเอเชีย,2361084.0,12895.0
2021-08,2021,8,3,497,NZ,นิวซีแลนด์,1F,ทวีปออสเตรเลีย,512727.0,981.0
2021-08,2021,8,3,304,JP,ญี่ปุ่น,1A,ทวีปเอเชีย,1050000.0,4200.0
2021-08,2021,8,3,320,GB,สหราชอาณาจักร,1B,ทวีปยุโรป,2015750.0,3269.0
2021-08,2021,8,3,366,NO,นอร์เวย์,1B,ทวีปยุโรป,2651173.0,7610.0
2021-08,2021,8,3,315,DE,เยอรมนี,1B,ทวีปยุโรป,0.0,0.0
2021-08,2021,8,3,308,MO,มาเก๊า,1A,ทวีปเอเชีย,0.0,0.0
2021-08,2021,8,3,327,SE,สวีเดน,1B,ทวีปยุโรป,0.0,0.0
2021-08,2021,8,3,356,CH,สวิตเซอร์แลนด์,1B,ทวีปยุโรป,0.0,0.0
2021-08,2021,8,3,316,DK,เดนมาร์ก,1B,ทวีปยุโรป,0.0,0.0
2021-08,2021,8,3,317,ES,สเปน,1B,ทวีปยุโรป,6898.0,13.0
2021-08,2021,8,3,285,AE,สหรัฐอาหรับเอมิเรตส์,1A,ทวีปเอเชีย,0.0,0.0
2021-09,2021,9,3,302,CN,จีน,1A,ทวีปเอเชีย,1204706704.0,7002083.0
2021-09,2021,9,3,373,US,สหรัฐอเมริกา,1C,ทวีปอเมริกาเหนือ,84405586.0,206381.0
2021-09,2021,9,3,483,AU,ออสเตรเลีย,1F,ทวีปออสเตรเลีย,32959711.0,79833.0
2021-09,2021,9,3,371,CA,แคนาดา,1C,ทวีปอเมริกาเหนือ,15479050.0,46136.0
2021-09,2021,9,3,303,HK,ฮ่องกง,1A,ทวีปเอเชีย,1351345.0,3972.0
2021-09,2021,9,3,319,FR,ฝรั่งเศส,1B,ทวีปยุโรป,3762787.0,6211.0
2021-09,2021,9,3,497,NZ,นิวซีแลนด์,1F,ทวีปออสเตรเลีย,6890902.0,12111.0
2021-09,2021,9,3,325,NL,เนเธอร์แลนด์,1B,ทวีปยุโรป,2355269.0,7456.0
2021-09,2021,9,3,267,ID,อินโดนีเซีย,1A,ทวีปเอเชีย,0.0,0.0
2021-09,2021,9,3,309,TW,ไต้หวัน,1A,ทวีปเอเชีย,2037523.0,18252.0
2021-09,2021,9,3,306,KR,เกาหลีใต้,1A,ทวีปเอเชีย,0.0,0.0
2021-09,2021,9,3,410,CL,ชิลี,1D,ทวีปอเมริกาใต้,7151400.0,26100.0
2021-09,2021,9,3,304,JP,ญี่ปุ่น,1A,ทวีปเอเชีย,7062.0,11.0
2021-09,2021,9,3,320,GB,สหราชอาณาจักร,1B,ทวีปยุโรป,0.0,0.0
2021-09,2021,9,3,366,NO,นอร์เวย์,1B,ทวีปยุโรป,0.0,0.0
2021-09,2021,9,3,315,DE,เยอรมนี,1B,ทวีปยุโรป,866670.0,2520.0
2021-09,2021,9,3,308,MO,มาเก๊า,1A,ทวีปเอเชีย,0.0,0.0
2021-09,2021,9,3,327,SE,สวีเดน,1B,ทวีปยุโรป,0.0,0.0
2021-09,2021,9,3,356,CH,สวิตเซอร์แลนด์,1B,ทวีปยุโรป,0.0,0.0
2021-09,2021,9,3,316,DK,เดนมาร์ก,1B,ทวีปยุโรป,0.0,0.0
2021-09,2021,9,3,317,ES,สเปน,1B,ทวีปยุโรป,0.0,0.0
2021-09,2021,9,3,285,AE,สหรัฐอาหรับเอมิเรตส์,1A,ทวีปเอเชีย,0.0,0.0
2021-09,2021,9,3,273,SG,สิงคโปร์,1A,ทวีปเอเชีย,390.0,1.0
2021-10,2021,10,4,302,CN,จีน,1A,ทวีปเอเชีย,980950513.0,5527150.0
2021-10,2021,10,4,373,US,สหรัฐอเมริกา,1C,ทวีปอเมริกาเหนือ,106575983.0,279802.0
2021-10,2021,10,4,483,AU,ออสเตรเลีย,1F,ทวีปออสเตรเลีย,25915471.0,66841.0
2021-10,2021,10,4,371,CA,แคนาดา,1C,ทวีปอเมริกาเหนือ,20785089.0,54134.0
2021-10,2021,10,4,319,FR,ฝรั่งเศส,1B,ทวีปยุโรป,9235730.0,24725.0
2021-10,2021,10,4,303,HK,ฮ่องกง,1A,ทวีปเอเชีย,4817260.0,13006.0
2021-10,2021,10,4,325,NL,เนเธอร์แลนด์,1B,ทวีปยุโรป,3177960.0,8123.0
2021-10,2021,10,4,497,NZ,นิวซีแลนด์,1F,ทวีปออสเตรเลีย,0.0,0.0
2021-10,2021,10,4,309,TW,ไต้หวัน,1A,ทวีปเอเชีย,4272391.0,29126.0
2021-10,2021,10,4,306,KR,เกาหลีใต้,1A,ทวีปเอเชีย,3499350.0,11050.0
2021-10,2021,10,4,267,ID,อินโดนีเซีย,1A,ทวีปเอเชีย,0.0,0.0
2021-10,2021,10,4,410,CL,ชิลี,1D,ทวีปอเมริกาใต้,0.0,0.0
2021-10,2021,10,4,315,DE,เยอรมนี,1B,ทวีปยุโรป,2206636.0,3269.0
2021-10,2021,10,4,320,GB,สหราชอาณาจักร,1B,ทวีปยุโรป,1700826.0,2692.0
2021-10,2021,10,4,304,JP,ญี่ปุ่น,1A,ทวีปเอเชีย,680000.0,1620.0
2021-10,2021,10,4,366,NO,นอร์เวย์,1B,ทวีปยุโรป,0.0,0.0
2021-10,2021,10,4,308,MO,มาเก๊า,1A,ทวีปเอเชีย,0.0,0.0
2021-10,2021,10,4,285,AE,สหรัฐอาหรับเอมิเรตส์,1A,ทวีปเอเชีย,1068408.0,2257.0
2021-10,2021,10,4,327,SE,สวีเดน,1B,ทวีปยุโรป,183392.0,436.0
2021-10,2021,10,4,356,CH,สวิตเซอร์แลนด์,1B,ทวีปยุโรป,344684.0,545.0
2021-10,2021,10,4,316,DK,เดนมาร์ก,1B,ทวีปยุโรป,0.0,0.0
2021-10,2021,10,4,493,NC,นิวแคลีโดเนีย,1F,ทวีปออสเตรเลีย,19131.0,34.0
2021-10,2021,10,4,317,ES,สเปน,1B,ทวีปยุโรป,0.0,0.0
2021-10,2021,10,4,273,SG,สิงคโปร์,1A,ทวีปเอเชีย,0.0,0.0
2021-11,2021,11,4,302,CN,จีน,1A,ทวีปเอเชีย,728123034.0,4531982.0
2021-11,2021,11,4,373,US,สหรัฐอเมริกา,1C,ทวีปอเมริกาเหนือ,50311899.0,158776.0
2021-11,2021,11,4,483,AU,ออสเตรเลีย,1F,ทวีปออสเตรเลีย,20545246.0,42073.0
2021-11,2021,11,4,371,CA,แคนาดา,1C,ทวีปอเมริกาเหนือ,18426431.0,49709.0
2021-11,2021,11,4,319,FR,ฝรั่งเศส,1B,ทวีปยุโรป,579520.0,1090.0
2021-11,2021,11,4,303,HK,ฮ่องกง,1A,ทวีปเอเชีย,582104.0,2296.0
2021-11,2021,11,4,325,NL,เนเธอร์แลนด์,1B,ทวีปยุโรป,3922506.0,9584.0
2021-11,2021,11,4,309,TW,ไต้หวัน,1A,ทวีปเอเชีย,3215064.0,22684.0
2021-11,2021,11,4,497,NZ,นิวซีแลนด์,1F,ทวีปออสเตรเลีย,0.0,0.0
2021-11,2021,11,4,306,KR,เกาหลีใต้,1A,ทวีปเอเชีย,338390.0,4864.0
2021-11,2021,11,4,267,ID,อินโดนีเซีย,1A,ทวีปเอเชีย,3013000.0,12940.0
2021-11,2021,11,4,320,GB,สหราชอาณาจักร,1B,ทวีปยุโรป,2358101.0,6696.0
2021-11,2021,11,4,410,CL,ชิลี,1D,ทวีปอเมริกาใต้,0.0,0.0
2021-11,2021,11,4,315,DE,เยอรมนี,1B,ทวีปยุโรป,0.0,0.0
2021-11,2021,11,4,304,JP,ญี่ปุ่น,1A,ทวีปเอเชีย,0.0,0.0
2021-11,2021,11,4,366,NO,นอร์เวย์,1B,ทวีปยุโรป,0.0,0.0
2021-11,2021,11,4,308,MO,มาเก๊า,1A,ทวีปเอเชีย,0.0,0.0
2021-11,2021,11,4,285,AE,สหรัฐอาหรับเอมิเรตส์,1A,ทวีปเอเชีย,0.0,0.0
2021-11,2021,11,4,327,SE,สวีเดน,1B,ทวีปยุโรป,0.0,0.0
2021-11,2021,11,4,356,CH,สวิตเซอร์แลนด์,1B,ทวีปยุโรป,0.0,0.0
2021-11,2021,11,4,316,DK,เดนมาร์ก,1B,ทวีปยุโรป,0.0,0.0
2021-11,2021,11,4,493,NC,นิวแคลีโดเนีย,1F,ทวีปออสเตรเลีย,0.0,0.0
2021-11,2021,11,4,317,ES,สเปน,1B,ทวีปยุโรป,0.0,0.0
2021-11,2021,11,4,273,SG,สิงคโปร์,1A,ทวีปเอเชีย,2715.0,1.0
2021-12,2021,12,4,302,CN,จีน,1A,ทวีปเอเชีย,643187566.0,4300910.0
2021-12,2021,12,4,373,US,สหรัฐอเมริกา,1C,ทวีปอเมริกาเหนือ,94546671.0,298204.0
2021-12,2021,12,4,483,AU,ออสเตรเลีย,1F,ทวีปออสเตรเลีย,13883245.0,28043.0
2021-12,2021,12,4,371,CA,แคนาดา,1C,ทวีปอเมริกาเหนือ,32557842.0,79508.0
2021-12,2021,12,4,319,FR,ฝรั่งเศส,1B,ทวีปยุโรป,2625507.0,4142.0
2021-12,2021,12,4,303,HK,ฮ่องกง,1A,ทวีปเอเชีย,1180931.0,2700.0
2021-12,2021,12,4,325,NL,เนเธอร์แลนด์,1B,ทวีปยุโรป,725046.0,1666.0
2021-12,2021,12,4,306,KR,เกาหลีใต้,1A,ทวีปเอเชีย,6422189.0,24096.0
2021-12,2021,12,4,309,TW,ไต้หวัน,1A,ทวีปเอเชีย,0.0,0.0
2021-12,2021,12,4,497,NZ,นิวซีแลนด์,1F,ทวีปออสเตรเลีย,1224344.0,5127.0
2021-12,2021,12,4,267,ID,อินโดนีเซีย,1A,ทวีปเอเชีย,0.0,0.0
2021-12,2021,12,4,320,GB,สหราชอาณาจักร,1B,ทวีปยุโรป,1862940.0,5433.0
2021-12,2021,12,4,410,CL,ชิลี,1D,ทวีปอเมริกาใต้,0.0,0.0
2021-12,2021,12,4,315,DE,เยอรมนี,1B,ทวีปยุโรป,537899.0,1590.0
2021-12,2021,12,4,304,JP,ญี่ปุ่น,1A,ทวีปเอเชีย,0.0,0.0
2021-12,2021,12,4,366,NO,นอร์เวย์,1B,ทวีปยุโรป,0.0,0.0
2021-12,2021,12,4,327,SE,สวีเดน,1B,ทวีปยุโรป,1445800.0,4113.0
2021-12,2021,12,4,308,MO,มาเก๊า,1A,ทวีปเอเชีย,0.0,0.0
2021-12,2021,12,4,285,AE,สหรัฐอาหรับเอมิเรตส์,1A,ทวีปเอเชีย,0.0,0.0
2021-12,2021,12,4,356,CH,สวิตเซอร์แลนด์,1B,ทวีปยุโรป,103379.0,160.0
2021-12,2021,12,4,316,DK,เดนมาร์ก,1B,ทวีปยุโรป,0.0,0.0
2021-12,2021,12,4,493,NC,นิวแคลีโดเนีย,1F,ทวีปออสเตรเลีย,0.0,0.0
2021-12,2021,12,4,317,ES,สเปน,1B,ทวีปยุโรป,0.0,0.0
2021-12,2021,12,4,273,SG,สิงคโปร์,1A,ทวีปเอเชีย,198.0,0.0
2022-01,2022,1,1,302,CN,จีน,1A,ทวีปเอเชีย,478298078.0,2797934.0
2022-01,2022,1,1,373,US,สหรัฐอเมริกา,1C,ทวีปอเมริกาเหนือ,25278132.0,52149.0
2022-01,2022,1,1,483,AU,ออสเตรเลีย,1F,ทวีปออสเตรเลีย,7963553.0,17315.0
2022-01,2022,1,1,303,HK,ฮ่องกง,1A,ทวีปเอเชีย,4257677.0,10359.0
2022-01,2022,1,1,325,NL,เนเธอร์แลนด์,1B,ทวีปยุโรป,927996.0,2948.0
2022-01,2022,1,1,319,FR,ฝรั่งเศส,1B,ทวีปยุโรป,617864.0,1090.0
2022-01,2022,1,1,318,FI,ฟินแลนด์,1B,ทวีปยุโรป,326441.0,545.0
2022-01,2022,1,1,267,ID,อินโดนีเซีย,1A,ทวีปเอเชีย,825.0,0.0
2022-02,2022,2,1,302,CN,จีน,1A,ทวีปเอเชีย,413534006.0,2246919.0
2022-02,2022,2,1,373,US,สหรัฐอเมริกา,1C,ทวีปอเมริกาเหนือ,22947745.0,83459.0
2022-02,2022,2,1,483,AU,ออสเตรเลีย,1F,ทวีปออสเตรเลีย,4529042.0,15982.0
2022-02,2022,2,1,303,HK,ฮ่องกง,1A,ทวีปเอเชีย,0.0,0.0
2022-02,2022,2,1,371,CA,แคนาดา,1C,ทวีปอเมริกาเหนือ,2649257.0,5485.0
2022-02,2022,2,1,325,NL,เนเธอร์แลนด์,1B,ทวีปยุโรป,1201373.0,2880.0
2022-02,2022,2,1,320,GB,สหราชอาณาจักร,1B,ทวีปยุโรป,972587.0,2208.0
2022-02,2022,2,1,319,FR,ฝรั่งเศส,1B,ทวีปยุโรป,142622.0,660.0
2022-02,2022,2,1,318,FI,ฟินแลนด์,1B,ทวีปยุโรป,0.0,0.0
2022-02,2022,2,1,327,SE,สวีเดน,1B,ทวีปยุโรป,228130.0,545.0
2022-02,2022,2,1,267,ID,อินโดนีเซีย,1A,ทวีปเอเชีย,0.0,0.0
2022-03,2022,3,1,302,CN,จีน,1A,ทวีปเอเชีย,288575798.0,1640992.0
2022-03,2022,3,1,373,US,สหรัฐอเมริกา,1C,ทวีปอเมริกาเหนือ,10463494.0,36682.0
2022-03,2022,3,1,483,AU,ออสเตรเลีย,1F,ทวีปออสเตรเลีย,2365584.0,4104.0
2022-03,2022,3,1,303,HK,ฮ่องกง,1A,ทวีปเอเชีย,731149.0,1116.0
2022-03,2022,3,1,371,CA,แคนาดา,1C,ทวีปอเมริกาเหนือ,1336509.0,2295.0
2022-03,2022,3,1,497,NZ,นิวซีแลนด์,1F,ทวีปออสเตรเลีย,2843161.0,4950.0
2022-03,2022,3,1,325,NL,เนเธอร์แลนด์,1B,ทวีปยุโรป,444225.0,1090.0
2022-03,2022,3,1,320,GB,สหราชอาณาจักร,1B,ทวีปยุโรป,0.0,0.0
2022-03,2022,3,1,319,FR,ฝรั่งเศส,1B,ทวีปยุโรป,0.0,0.0
2022-03,2022,3,1,318,FI,ฟินแลนด์,1B,ทวีปยุโรป,0.0,0.0
2022-03,2022,3,1,327,SE,สวีเดน,1B,ทวีปยุโรป,53307.0,131.0
2022-03,2022,3,1,267,ID,อินโดนีเซีย,1A,ทวีปเอเชีย,0.0,0.0
2022-03,2022,3,1,309,TW,ไต้หวัน,1A,ทวีปเอเชีย,350.0,4.0
2022-04,2022,4,2,302,CN,จีน,1A,ทวีปเอเชีย,174944410.0,1095022.0
2022-04,2022,4,2,373,US,สหรัฐอเมริกา,1C,ทวีปอเมริกาเหนือ,17821271.0,53288.0
2022-04,2022,4,2,483,AU,ออสเตรเลีย,1F,ทวีปออสเตรเลีย,0.0,0.0
2022-04,2022,4,2,371,CA,แคนาดา,1C,ทวีปอเมริกาเหนือ,5648557.0,13637.0
2022-04,2022,4,2,303,HK,ฮ่องกง,1A,ทวีปเอเชีย,2365178.0,5269.0
2022-04,2022,4,2,497,NZ,นิวซีแลนด์,1F,ทวีปออสเตรเลีย,0.0,0.0
2022-04,2022,4,2,325,NL,เนเธอร์แลนด์,1B,ทวีปยุโรป,0.0,0.0
2022-04,2022,4,2,309,TW,ไต้หวัน,1A,ทวีปเอเชีย,1549500.0,3888.0
2022-04,2022,4,2,320,GB,สหราชอาณาจักร,1B,ทวีปยุโรป,219467.0,327.0
2022-04,2022,4,2,319,FR,ฝรั่งเศส,1B,ทวีปยุโรป,277658.0,818.0
2022-04,2022,4,2,327,SE,สวีเดน,1B,ทวีปยุโรป,143285.0,338.0
2022-04,2022,4,2,318,FI,ฟินแลนด์,1B,ทวีปยุโรป,0.0,0.0
2022-04,2022,4,2,316,DK,เดนมาร์ก,1B,ทวีปยุโรป,202241.0,311.0
2022-04,2022,4,2,356,CH,สวิตเซอร์แลนด์,1B,ทวีปยุโรป,126360.0,192.0
2022-04,2022,4,2,267,ID,อินโดนีเซีย,1A,ทวีปเอเชีย,0.0,0.0
2022-05,2022,5,2,302,CN,จีน,1A,ทวีปเอเชีย,580617122.0,2943350.0
2022-05,2022,5,2,373,US,สหรัฐอเมริกา,1C,ทวีปอเมริกาเหนือ,5996599.0,24920.0
2022-05,2022,5,2,483,AU,ออสเตรเลีย,1F,ทวีปออสเตรเลีย,4236195.0,7440.0
2022-05,2022,5,2,371,CA,แคนาดา,1C,ทวีปอเมริกาเหนือ,4281675.0,12138.0
2022-05,2022,5,2,303,HK,ฮ่องกง,1A,ทวีปเอเชีย,1872167.0,5606.0
2022-05,2022,5,2,319,FR,ฝรั่งเศส,1B,ทวีปยุโรป,4336674.0,16212.0
2022-05,2022,5,2,497,NZ,นิวซีแลนด์,1F,ทวีปออสเตรเลีย,399571.0,545.0
2022-05,2022,5,2,325,NL,เนเธอร์แลนด์,1B,ทวีปยุโรป,658941.0,1583.0
2022-05,2022,5,2,309,TW,ไต้หวัน,1A,ทวีปเอเชีย,1432000.0,8987.0
2022-05,2022,5,2,320,GB,สหราชอาณาจักร,1B,ทวีปยุโรป,0.0,0.0
2022-05,2022,5,2,306,KR,เกาหลีใต้,1A,ทวีปเอเชีย,1170379.0,7800.0
2022-05,2022,5,2,304,JP,ญี่ปุ่น,1A,ทวีปเอเชีย,551295.0,2000.0
2022-05,2022,5,2,327,SE,สวีเดน,1B,ทวีปยุโรป,0.0,0.0
2022-05,2022,5,2,318,FI,ฟินแลนด์,1B,ทวีปยุโรป,0.0,0.0
2022-05,2022,5,2,316,DK,เดนมาร์ก,1B,ทวีปยุโรป,0.0,0.0
2022-05,2022,5,2,356,CH,สวิตเซอร์แลนด์,1B,ทวีปยุโรป,0.0,0.0
2022-05,2022,5,2,267,ID,อินโดนีเซีย,1A,ทวีปเอเชีย,0.0,0.0
2022-06,2022,6,2,302,CN,จีน,1A,ทวีปเอเชีย,2647761111.0,15230783.0
2022-06,2022,6,2,373,US,สหรัฐอเมริกา,1C,ทวีปอเมริกาเหนือ,26111058.0,77318.0
2022-06,2022,6,2,483,AU,ออสเตรเลีย,1F,ทวีปออสเตรเลีย,20457913.0,77521.0
2022-06,2022,6,2,371,CA,แคนาดา,1C,ทวีปอเมริกาเหนือ,22827556.0,80589.0
2022-06,2022,6,2,325,NL,เนเธอร์แลนด์,1B,ทวีปยุโรป,7517136.0,18000.0
2022-06,2022,6,2,497,NZ,นิวซีแลนด์,1F,ทวีปออสเตรเลีย,6472315.0,15014.0
2022-06,2022,6,2,303,HK,ฮ่องกง,1A,ทวีปเอเชีย,116773.0,224.0
2022-06,2022,6,2,319,FR,ฝรั่งเศส,1B,ทวีปยุโรป,751658.0,1090.0
2022-06,2022,6,2,309,TW,ไต้หวัน,1A,ทวีปเอเชีย,1568690.0,12740.0
2022-06,2022,6,2,308,MO,มาเก๊า,1A,ทวีปเอเชีย,3635560.0,8030.0
2022-06,2022,6,2,306,KR,เกาหลีใต้,1A,ทวีปเอเชีย,906772.0,5650.0
2022-06,2022,6,2,320,GB,สหราชอาณาจักร,1B,ทวีปยุโรป,119078.0,163.0
2022-06,2022,6,2,304,JP,ญี่ปุ่น,1A,ทวีปเอเชีย,1794.0,5.0
2022-06,2022,6,2,327,SE,สวีเดน,1B,ทวีปยุโรป,0.0,0.0
2022-06,2022,6,2,318,FI,ฟินแลนด์,1B,ทวีปยุโรป,0.0,0.0
2022-06,2022,6,2,315,DE,เยอรมนี,1B,ทวีปยุโรป,287951.0,378.0
2022-06,2022,6,2,316,DK,เดนมาร์ก,1B,ทวีปยุโรป,0.0,0.0
2022-06,2022,6,2,356,CH,สวิตเซอร์แลนด์,1B,ทวีปยุโรป,0.0,0.0
2022-06,2022,6,2,267,ID,อินโดนีเซีย,1A,ทวีปเอเชีย,0.0,0.0
2022-07,2022,7,3,302,CN,จีน,1A,ทวีปเอเชีย,2697564141.0,16045243.0
2022-07,2022,7,3,373,US,สหรัฐอเมริกา,1C,ทวีปอเมริกาเหนือ,23354003.0,73904.0
2022-07,2022,7,3,483,AU,ออสเตรเลีย,1F,ทวีปออสเตรเลีย,22831857.0,74906.0
2022-07,2022,7,3,371,CA,แคนาดา,1C,ทวีปอเมริกาเหนือ,11925844.0,28505.0
2022-07,2022,7,3,325,NL,เนเธอร์แลนด์,1B,ทวีปยุโรป,7948736.0,17456.0
2022-07,2022,7,3,497,NZ,นิวซีแลนด์,1F,ทวีปออสเตรเลีย,1893667.0,3600.0
2022-07,2022,7,3,303,HK,ฮ่องกง,1A,ทวีปเอเชีย,2153613.0,5206.0
2022-07,2022,7,3,309,TW,ไต้หวัน,1A,ทวีปเอเชีย,4531753.0,33380.0
2022-07,2022,7,3,306,KR,เกาหลีใต้,1A,ทวีปเอเชีย,4787523.0,16091.0
2022-07,2022,7,3,319,FR,ฝรั่งเศส,1B,ทวีปยุโรป,0.0,0.0
2022-07,2022,7,3,308,MO,มาเก๊า,1A,ทวีปเอเชีย,0.0,0.0
2022-07,2022,7,3,320,GB,สหราชอาณาจักร,1B,ทวีปยุโรป,0.0,0.0
2022-07,2022,7,3,304,JP,ญี่ปุ่น,1A,ทวีปเอเชีย,0.0,0.0
2022-07,2022,7,3,327,SE,สวีเดน,1B,ทวีปยุโรป,0.0,0.0
2022-07,2022,7,3,312,AT,ออสเตรีย,1B,ทวีปยุโรป,416807.0,1980.0
2022-07,2022,7,3,318,FI,ฟินแลนด์,1B,ทวีปยุโรป,0.0,0.0
2022-07,2022,7,3,315,DE,เยอรมนี,1B,ทวีปยุโรป,0.0,0.0
2022-07,2022,7,3,316,DK,เดนมาร์ก,1B,ทวีปยุโรป,0.0,0.0
2022-07,2022,7,3,356,CH,สวิตเซอร์แลนด์,1B,ทวีปยุโรป,0.0,0.0
2022-07,2022,7,3,267,ID,อินโดนีเซีย,1A,ทวีปเอเชีย,0.0,0.0
2022-08,2022,8,3,302,CN,จีน,1A,ทวีปเอเชีย,1759016642.0,10336253.0
2022-08,2022,8,3,373,US,สหรัฐอเมริกา,1C,ทวีปอเมริกาเหนือ,33564030.0,157232.0
2022-08,2022,8,3,483,AU,ออสเตรเลีย,1F,ทวีปออสเตรเลีย,20559308.0,66159.0
2022-08,2022,8,3,371,CA,แคนาดา,1C,ทวีปอเมริกาเหนือ,26085592.0,65167.0
2022-08,2022,8,3,325,NL,เนเธอร์แลนด์,1B,ทวีปยุโรป,188903.0,348.0
2022-08,2022,8,3,303,HK,ฮ่องกง,1A,ทวีปเอเชีย,3480108.0,9502.0
2022-08,2022,8,3,497,NZ,นิวซีแลนด์,1F,ทวีปออสเตรเลีย,0.0,0.0
2022-08,2022,8,3,309,TW,ไต้หวัน,1A,ทวีปเอเชีย,2251828.0,13972.0
2022-08,2022,8,3,306,KR,เกาหลีใต้,1A,ทวีปเอเชีย,0.0,0.0
2022-08,2022,8,3,319,FR,ฝรั่งเศส,1B,ทวีปยุโรป,355448.0,436.0
2022-08,2022,8,3,320,GB,สหราชอาณาจักร,1B,ทวีปยุโรป,2838000.0,5940.0
2022-08,2022,8,3,308,MO,มาเก๊า,1A,ทวีปเอเชีย,0.0,0.0
2022-08,2022,8,3,493,NC,นิวแคลีโดเนีย,1F,ทวีปออสเตรเลีย,2075714.0,3286.0
2022-08,2022,8,3,304,JP,ญี่ปุ่น,1A,ทวีปเอเชีย,0.0,0.0
2022-08,2022,8,3,327,SE,สวีเดน,1B,ทวีปยุโรป,0.0,0.0
2022-08,2022,8,3,312,AT,ออสเตรีย,1B,ทวีปยุโรป,0.0,0.0
2022-08,2022,8,3,318,FI,ฟินแลนด์,1B,ทวีปยุโรป,0.0,0.0
2022-08,2022,8,3,315,DE,เยอรมนี,1B,ทวีปยุโรป,0.0,0.0
2022-08,2022,8,3,316,DK,เดนมาร์ก,1B,ทวีปยุโรป,0.0,0.0
2022-08,2022,8,3,356,CH,สวิตเซอร์แลนด์,1B,ทวีปยุโรป,0.0,0.0
2022-08,2022,8,3,267,ID,อินโดนีเซีย,1A,ทวีปเอเชีย,0.0,0.0
2022-09,2022,9,3,302,CN,จีน,1A,ทวีปเอเชีย,2207297485.0,14266617.0
2022-09,2022,9,3,373,US,สหรัฐอเมริกา,1C,ทวีปอเมริกาเหนือ,27109278.0,86764.0
2022-09,2022,9,3,371,CA,แคนาดา,1C,ทวีปอเมริกาเหนือ,34700010.0,74409.0
2022-09,2022,9,3,483,AU,ออสเตรเลีย,1F,ทวีปออสเตรเลีย,17393227.0,56192.0
2022-09,2022,9,3,325,NL,เนเธอร์แลนด์,1B,ทวีปยุโรป,1826430.0,4792.0
2022-09,2022,9,3,303,HK,ฮ่องกง,1A,ทวีปเอเชีย,1062367.0,2000.0
2022-09,2022,9,3,309,TW,ไต้หวัน,1A,ทวีปเอเชีย,1668059.0,8916.0
2022-09,2022,9,3,497,NZ,นิวซีแลนด์,1F,ทวีปออสเตรเลีย,0.0,0.0
2022-09,2022,9,3,320,GB,สหราชอาณาจักร,1B,ทวีปยุโรป,3736930.0,7689.0
2022-09,2022,9,3,319,FR,ฝรั่งเศส,1B,ทวีปยุโรป,811838.0,1199.0
2022-09,2022,9,3,306,KR,เกาหลีใต้,1A,ทวีปเอเชีย,84619.0,516.0
2022-09,2022,9,3,308,MO,มาเก๊า,1A,ทวีปเอเชีย,0.0,0.0
2022-09,2022,9,3,493,NC,นิวแคลีโดเนีย,1F,ทวีปออสเตรเลีย,0.0,0.0
2022-09,2022,9,3,267,ID,อินโดนีเซีย,1A,ทวีปเอเชีย,1896717.0,4766.0
2022-09,2022,9,3,304,JP,ญี่ปุ่น,1A,ทวีปเอเชีย,0.0,0.0
2022-09,2022,9,3,327,SE,สวีเดน,1B,ทวีปยุโรป,0.0,0.0
2022-09,2022,9,3,312,AT,ออสเตรีย,1B,ทวีปยุโรป,0.0,0.0
2022-09,2022,9,3,318,FI,ฟินแลนด์,1B,ทวีปยุโรป,0.0,0.0
2022-09,2022,9,3,315,DE,เยอรมนี,1B,ทวีปยุโรป,0.0,0.0
2022-09,2022,9,3,316,DK,เดนมาร์ก,1B,ทวีปยุโรป,0.0,0.0
2022-09,2022,9,3,356,CH,สวิตเซอร์แลนด์,1B,ทวีปยุโรป,0.0,0.0
2022-10,2022,10,4,302,CN,จีน,1A,ทวีปเอเชีย,1538205995.0,10279285.0
2022-10,2022,10,4,373,US,สหรัฐอเมริกา,1C,ทวีปอเมริกาเหนือ,32144133.0,71028.0
2022-10,2022,10,4,371,CA,แคนาดา,1C,ทวีปอเมริกาเหนือ,7170730.0,18431.0
2022-10,2022,10,4,483,AU,ออสเตรเลีย,1F,ทวีปออสเตรเลีย,8722498.0,31262.0
2022-10,2022,10,4,325,NL,เนเธอร์แลนด์,1B,ทวีปยุโรป,68011.0,352.0
2022-10,2022,10,4,497,NZ,นิวซีแลนด์,1F,ทวีปออสเตรเลีย,7565632.0,12038.0
2022-10,2022,10,4,303,HK,ฮ่องกง,1A,ทวีปเอเชีย,1661369.0,5549.0
2022-10,2022,10,4,309,TW,ไต้หวัน,1A,ทวีปเอเชีย,0.0,0.0
2022-10,2022,10,4,319,FR,ฝรั่งเศส,1B,ทวีปยุโรป,2502096.0,3528.0
2022-10,2022,10,4,306,KR,เกาหลีใต้,1A,ทวีปเอเชีย,1285357.0,7800.0
2022-10,2022,10,4,320,GB,สหราชอาณาจักร,1B,ทวีปยุโรป,0.0,0.0
2022-10,2022,10,4,308,MO,มาเก๊า,1A,ทวีปเอเชีย,3842796.0,6336.0
2022-10,2022,10,4,493,NC,นิวแคลีโดเนีย,1F,ทวีปออสเตรเลีย,0.0,0.0
2022-10,2022,10,4,267,ID,อินโดนีเซีย,1A,ทวีปเอเชีย,0.0,0.0
2022-10,2022,10,4,366,NO,นอร์เวย์,1B,ทวีปยุโรป,769162.0,1134.0
2022-10,2022,10,4,327,SE,สวีเดน,1B,ทวีปยุโรป,329197.0,936.0
2022-10,2022,10,4,304,JP,ญี่ปุ่น,1A,ทวีปเอเชีย,0.0,0.0
2022-10,2022,10,4,312,AT,ออสเตรีย,1B,ทวีปยุโรป,0.0,0.0
2022-10,2022,10,4,318,FI,ฟินแลนด์,1B,ทวีปยุโรป,0.0,0.0
2022-10,2022,10,4,315,DE,เยอรมนี,1B,ทวีปยุโรป,0.0,0.0
2022-10,2022,10,4,356,CH,สวิตเซอร์แลนด์,1B,ทวีปยุโรป,118700.0,167.0
2022-10,2022,10,4,316,DK,เดนมาร์ก,1B,ทวีปยุโรป,0.0,0.0
2022-10,2022,10,4,271,MY,มาเลเซีย,1A,ทวีปเอเชีย,130032.0,1008.0
2022-11,2022,11,4,302,CN,จีน,1A,ทวีปเอเชีย,829953610.0,4721384.0
2022-11,2022,11,4,373,US,สหรัฐอเมริกา,1C,ทวีปอเมริกาเหนือ,14759750.0,54881.0
2022-11,2022,11,4,371,CA,แคนาดา,1C,ทวีปอเมริกาเหนือ,16568581.0,33101.0
2022-11,2022,11,4,483,AU,ออสเตรเลีย,1F,ทวีปออสเตรเลีย,11285792.0,35717.0
2022-11,2022,11,4,497,NZ,นิวซีแลนด์,1F,ทวีปออสเตรเลีย,6501441.0,15112.0
2022-11,2022,11,4,325,NL,เนเธอร์แลนด์,1B,ทวีปยุโรป,306188.0,628.0
2022-11,2022,11,4,303,HK,ฮ่องกง,1A,ทวีปเอเชีย,2559252.0,8387.0
2022-11,2022,11,4,309,TW,ไต้หวัน,1A,ทวีปเอเชีย,682452.0,3480.0
2022-11,2022,11,4,319,FR,ฝรั่งเศส,1B,ทวีปยุโรป,0.0,0.0
2022-11,2022,11,4,320,GB,สหราชอาณาจักร,1B,ทวีปยุโรป,1640775.0,2486.0
2022-11,2022,11,4,306,KR,เกาหลีใต้,1A,ทวีปเอเชีย,0.0,0.0
2022-11,2022,11,4,308,MO,มาเก๊า,1A,ทวีปเอเชีย,0.0,0.0
2022-11,2022,11,4,493,NC,นิวแคลีโดเนีย,1F,ทวีปออสเตรเลีย,0.0,0.0
2022-11,2022,11,4,267,ID,อินโดนีเซีย,1A,ทวีปเอเชีย,0.0,0.0
2022-11,2022,11,4,366,NO,นอร์เวย์,1B,ทวีปยุโรป,0.0,0.0
2022-11,2022,11,4,327,SE,สวีเดน,1B,ทวีปยุโรป,0.0,0.0
2022-11,2022,11,4,304,JP,ญี่ปุ่น,1A,ทวีปเอเชีย,0.0,0.0
2022-11,2022,11,4,312,AT,ออสเตรีย,1B,ทวีปยุโรป,0.0,0.0
2022-11,2022,11,4,318,FI,ฟินแลนด์,1B,ทวีปยุโรป,0.0,0.0
2022-11,2022,11,4,315,DE,เยอรมนี,1B,ทวีปยุโรป,0.0,0.0
2022-11,2022,11,4,356,CH,สวิตเซอร์แลนด์,1B,ทวีปยุโรป,0.0,0.0
2022-11,2022,11,4,316,DK,เดนมาร์ก,1B,ทวีปยุโรป,0.0,0.0
2022-11,2022,11,4,271,MY,มาเลเซีย,1A,ทวีปเอเชีย,0.0,0.0
2022-12,2022,12,4,302,CN,จีน,1A,ทวีปเอเชีย,690172695.0,3945873.0
2022-12,2022,12,4,373,US,สหรัฐอเมริกา,1C,ทวีปอเมริกาเหนือ,16721445.0,72058.0
2022-12,2022,12,4,371,CA,แคนาดา,1C,ทวีปอเมริกาเหนือ,7915189.0,20076.0
2022-12,2022,12,4,483,AU,ออสเตรเลีย,1F,ทวีปออสเตรเลีย,9092090.0,34642.0
2022-12,2022,12,4,497,NZ,นิวซีแลนด์,1F,ทวีปออสเตรเลีย,0.0,0.0
2022-12,2022,12,4,325,NL,เนเธอร์แลนด์,1B,ทวีปยุโรป,1190424.0,2670.0
2022-12,2022,12,4,303,HK,ฮ่องกง,1A,ทวีปเอเชีย,0.0,0.0
2022-12,2022,12,4,309,TW,ไต้หวัน,1A,ทวีปเอเชีย,3308493.0,27340.0
2022-12,2022,12,4,320,GB,สหราชอาณาจักร,1B,ทวีปยุโรป,1672834.0,4668.0
2022-12,2022,12,4,319,FR,ฝรั่งเศส,1B,ทวีปยุโรป,0.0,0.0
2022-12,2022,12,4,306,KR,เกาหลีใต้,1A,ทวีปเอเชีย,0.0,0.0
2022-12,2022,12,4,308,MO,มาเก๊า,1A,ทวีปเอเชีย,0.0,0.0
2022-12,2022,12,4,493,NC,นิวแคลีโดเนีย,1F,ทวีปออสเตรเลีย,0.0,0.0
2022-12,2022,12,4,267,ID,อินโดนีเซีย,1A,ทวีปเอเชีย,0.0,0.0
2022-12,2022,12,4,271,MY,มาเลเซีย,1A,ทวีปเอเชีย,800200.0,4620.0
2022-12,2022,12,4,366,NO,นอร์เวย์,1B,ทวีปยุโรป,0.0,0.0
2022-12,2022,12,4,327,SE,สวีเดน,1B,ทวีปยุโรป,0.0,0.0
2022-12,2022,12,4,315,DE,เยอรมนี,1B,ทวีปยุโรป,286880.0,381.0
2022-12,2022,12,4,304,JP,ญี่ปุ่น,1A,ทวีปเอเชีย,0.0,0.0
2022-12,2022,12,4,312,AT,ออสเตรีย,1B,ทวีปยุโรป,0.0,0.0
2022-12,2022,12,4,318,FI,ฟินแลนด์,1B,ทวีปยุโรป,0.0,0.0
2022-12,2022,12,4,356,CH,สวิตเซอร์แลนด์,1B,ทวีปยุโรป,0.0,0.0
2022-12,2022,12,4,316,DK,เดนมาร์ก,1B,ทวีปยุโรป,0.0,0.0
2022-12,2022,12,4,286,BH,บาห์เรน,1A,ทวีปเอเชีย,20589.0,108.0
2023-01,2023,1,1,302,CN,จีน,1A,ทวีปเอเชีย,393784658.0,1900593.0
2023-01,2023,1,1,371,CA,แคนาดา,1C,ทวีปอเมริกาเหนือ,19281199.0,42377.0
2023-01,2023,1,1,483,AU,ออสเตรเลีย,1F,ทวีปออสเตรเลีย,8611502.0,27684.0
2023-01,2023,1,1,319,FR,ฝรั่งเศส,1B,ทวีปยุโรป,7103369.0,19302.0
2023-01,2023,1,1,373,US,สหรัฐอเมริกา,1C,ทวีปอเมริกาเหนือ,4879024.0,20906.0
2023-01,2023,1,1,303,HK,ฮ่องกง,1A,ทวีปเอเชีย,3067413.0,8487.0
2023-01,2023,1,1,323,IT,อิตาลี,1B,ทวีปยุโรป,2815213.0,5000.0
2023-01,2023,1,1,267,ID,อินโดนีเซีย,1A,ทวีปเอเชีย,1795554.0,16229.0
2023-01,2023,1,1,325,NL,เนเธอร์แลนด์,1B,ทวีปยุโรป,112023.0,218.0
2023-02,2023,2,1,302,CN,จีน,1A,ทวีปเอเชีย,608075436.0,3696346.0
2023-02,2023,2,1,371,CA,แคนาดา,1C,ทวีปอเมริกาเหนือ,2571197.0,5995.0
2023-02,2023,2,1,373,US,สหรัฐอเมริกา,1C,ทวีปอเมริกาเหนือ,13723694.0,37382.0
2023-02,2023,2,1,483,AU,ออสเตรเลีย,1F,ทวีปออสเตรเลีย,5537599.0,22139.0
2023-02,2023,2,1,319,FR,ฝรั่งเศส,1B,ทวีปยุโรป,398434.0,654.0
2023-02,2023,2,1,267,ID,อินโดนีเซีย,1A,ทวีปเอเชีย,5201220.0,16229.0
2023-02,2023,2,1,303,HK,ฮ่องกง,1A,ทวีปเอเชีย,911502.0,2500.0
2023-02,2023,2,1,323,IT,อิตาลี,1B,ทวีปยุโรป,0.0,0.0
2023-02,2023,2,1,325,NL,เนเธอร์แลนด์,1B,ทวีปยุโรป,2120775.0,3226.0
2023-02,2023,2,1,493,NC,นิวแคลีโดเนีย,1F,ทวีปออสเตรเลีย,488527.0,1270.0
2023-02,2023,2,1,497,NZ,นิวซีแลนด์,1F,ทวีปออสเตรเลีย,247657.0,1380.0
2023-02,2023,2,1,306,KR,เกาหลีใต้,1A,ทวีปเอเชีย,18771.0,11.0
2023-03,2023,3,1,302,CN,จีน,1A,ทวีปเอเชีย,582602974.0,3480325.0
2023-03,2023,3,1,373,US,สหรัฐอเมริกา,1C,ทวีปอเมริกาเหนือ,17195652.0,51435.0
2023-03,2023,3,1,483,AU,ออสเตรเลีย,1F,ทวีปออสเตรเลีย,14258237.0,46918.0
2023-03,2023,3,1,371,CA,แคนาดา,1C,ทวีปอเมริกาเหนือ,332449.0,563.0
2023-03,2023,3,1,319,FR,ฝรั่งเศส,1B,ทวีปยุโรป,2143714.0,3464.0
2023-03,2023,3,1,267,ID,อินโดนีเซีย,1A,ทวีปเอเชีย,0.0,0.0
2023-03,2023,3,1,303,HK,ฮ่องกง,1A,ทวีปเอเชีย,0.0,0.0
2023-03,2023,3,1,325,NL,เนเธอร์แลนด์,1B,ทวีปยุโรป,1428336.0,3408.0
2023-03,2023,3,1,323,IT,อิตาลี,1B,ทวีปยุโรป,0.0,0.0
2023-03,2023,3,1,493,NC,นิวแคลีโดเนีย,1F,ทวีปออสเตรเลีย,0.0,0.0
2023-03,2023,3,1,309,TW,ไต้หวัน,1A,ทวีปเอเชีย,419360.0,2160.0
2023-03,2023,3,1,497,NZ,นิวซีแลนด์,1F,ทวีปออสเตรเลีย,0.0,0.0
2023-03,2023,3,1,306,KR,เกาหลีใต้,1A,ทวีปเอเชีย,0.0,0.0
2023-04,2023,4,2,302,CN,จีน,1A,ทวีปเอเชีย,1474649350.0,6289972.0
2023-04,2023,4,2,373,US,สหรัฐอเมริกา,1C,ทวีปอเมริกาเหนือ,13117749.0,32658.0
2023-04,2023,4,2,483,AU,ออสเตรเลีย,1F,ทวีปออสเตรเลีย,9207662.0,29330.0
2023-04,2023,4,2,371,CA,แคนาดา,1C,ทวีปอเมริกาเหนือ,2587988.0,6540.0
2023-04,2023,4,2,319,FR,ฝรั่งเศส,1B,ทวีปยุโรป,842352.0,1775.0
2023-04,2023,4,2,267,ID,อินโดนีเซีย,1A,ทวีปเอเชีย,0.0,0.0
2023-04,2023,4,2,303,HK,ฮ่องกง,1A,ทวีปเอเชีย,716791.0,1125.0
2023-04,2023,4,2,325,NL,เนเธอร์แลนด์,1B,ทวีปยุโรป,703732.0,1656.0
2023-04,2023,4,2,323,IT,อิตาลี,1B,ทวีปยุโรป,0.0,0.0
2023-04,2023,4,2,309,TW,ไต้หวัน,1A,ทวีปเอเชีย,833794.0,4620.0
2023-04,2023,4,2,327,SE,สวีเดน,1B,ทวีปยุโรป,1117453.0,4654.0
2023-04,2023,4,2,493,NC,นิวแคลีโดเนีย,1F,ทวีปออสเตรเลีย,0.0,0.0
2023-04,2023,4,2,271,MY,มาเลเซีย,1A,ทวีปเอเชีย,302400.0,2016.0
2023-04,2023,4,2,497,NZ,นิวซีแลนด์,1F,ทวีปออสเตรเลีย,0.0,0.0
2023-04,2023,4,2,320,GB,สหราชอาณาจักร,1B,ทวีปยุโรป,80832.0,192.0
2023-04,2023,4,2,306,KR,เกาหลีใต้,1A,ทวีปเอเชีย,0.0,0.0
2023-04,2023,4,2,317,ES,สเปน,1B,ทวีปยุโรป,131.0,3.0
2023-05,2023,5,2,302,CN,จีน,1A,ทวีปเอเชีย,1470417915.0,6170797.0
2023-05,2023,5,2,373,US,สหรัฐอเมริกา,1C,ทวีปอเมริกาเหนือ,30436156.0,110792.0
2023-05,2023,5,2,483,AU,ออสเตรเลีย,1F,ทวีปออสเตรเลีย,1386848.0,3134.0
2023-05,2023,5,2,371,CA,แคนาดา,1C,ทวีปอเมริกาเหนือ,11273188.0,36769.0
2023-05,2023,5,2,319,FR,ฝรั่งเศส,1B,ทวีปยุโรป,0.0,0.0
2023-05,2023,5,2,325,NL,เนเธอร์แลนด์,1B,ทวีปยุโรป,3545821.0,8739.0
2023-05,2023,5,2,267,ID,อินโดนีเซีย,1A,ทวีปเอเชีย,0.0,0.0
2023-05,2023,5,2,303,HK,ฮ่องกง,1A,ทวีปเอเชีย,1260637.0,2800.0
2023-05,2023,5,2,309,TW,ไต้หวัน,1A,ทวีปเอเชีย,3290633.0,17093.0
2023-05,2023,5,2,320,GB,สหราชอาณาจักร,1B,ทวีปยุโรป,2838000.0,5940.0
2023-05,2023,5,2,323,IT,อิตาลี,1B,ทวีปยุโรป,0.0,0.0
2023-05,2023,5,2,327,SE,สวีเดน,1B,ทวีปยุโรป,277716.0,480.0
2023-05,2023,5,2,306,KR,เกาหลีใต้,1A,ทวีปเอเชีย,760000.0,1800.0
2023-05,2023,5,2,493,NC,นิวแคลีโดเนีย,1F,ทวีปออสเตรเลีย,0.0,0.0
2023-05,2023,5,2,271,MY,มาเลเซีย,1A,ทวีปเอเชีย,0.0,0.0
2023-05,2023,5,2,318,FI,ฟินแลนด์,1B,ทวีปยุโรป,277716.0,480.0
2023-05,2023,5,2,497,NZ,นิวซีแลนด์,1F,ทวีปออสเตรเลีย,0.0,0.0
2023-05,2023,5,2,317,ES,สเปน,1B,ทวีปยุโรป,0.0,0.0
2023-06,2023,6,2,302,CN,จีน,1A,ทวีปเอเชีย,1522174919.0,6521013.0
2023-06,2023,6,2,373,US,สหรัฐอเมริกา,1C,ทวีปอเมริกาเหนือ,32329409.0,125122.0
2023-06,2023,6,2,483,AU,ออสเตรเลีย,1F,ทวีปออสเตรเลีย,10586260.0,37244.0
2023-06,2023,6,2,371,CA,แคนาดา,1C,ทวีปอเมริกาเหนือ,4542464.0,13854.0
2023-06,2023,6,2,319,FR,ฝรั่งเศส,1B,ทวีปยุโรป,0.0,0.0
2023-06,2023,6,2,325,NL,เนเธอร์แลนด์,1B,ทวีปยุโรป,720694.0,1477.0
2023-06,2023,6,2,303,HK,ฮ่องกง,1A,ทวีปเอเชีย,2200302.0,7147.0
2023-06,2023,6,2,267,ID,อินโดนีเซีย,1A,ทวีปเอเชีย,0.0,0.0
2023-06,2023,6,2,309,TW,ไต้หวัน,1A,ทวีปเอเชีย,2240150.0,15300.0
2023-06,2023,6,2,308,MO,มาเก๊า,1A,ทวีปเอเชีย,4288053.0,9500.0
2023-06,2023,6,2,320,GB,สหราชอาณาจักร,1B,ทวีปยุโรป,0.0,0.0
2023-06,2023,6,2,323,IT,อิตาลี,1B,ทวีปยุโรป,0.0,0.0
2023-06,2023,6,2,327,SE,สวีเดน,1B,ทวีปยุโรป,0.0,0.0
2023-06,2023,6,2,306,KR,เกาหลีใต้,1A,ทวีปเอเชีย,0.0,0.0
2023-06,2023,6,2,493,NC,นิวแคลีโดเนีย,1F,ทวีปออสเตรเลีย,0.0,0.0
2023-06,2023,6,2,497,NZ,นิวซีแลนด์,1F,ทวีปออสเตรเลีย,230201.0,1224.0
2023-06,2023,6,2,271,MY,มาเลเซีย,1A,ทวีปเอเชีย,0.0,0.0
2023-06,2023,6,2,318,FI,ฟินแลนด์,1B,ทวีปยุโรป,0.0,0.0
2023-06,2023,6,2,366,NO,นอร์เวย์,1B,ทวีปยุโรป,139926.0,744.0
2023-06,2023,6,2,317,ES,สเปน,1B,ทวีปยุโรป,0.0,0.0
2023-07,2023,7,3,302,CN,จีน,1A,ทวีปเอเชีย,3285276127.0,14289897.0
2023-07,2023,7,3,373,US,สหรัฐอเมริกา,1C,ทวีปอเมริกาเหนือ,29364858.0,62362.0
2023-07,2023,7,3,371,CA,แคนาดา,1C,ทวีปอเมริกาเหนือ,18730498.0,52479.0
2023-07,2023,7,3,483,AU,ออสเตรเลีย,1F,ทวีปออสเตรเลีย,8581786.0,35102.0
2023-07,2023,7,3,319,FR,ฝรั่งเศส,1B,ทวีปยุโรป,91533.0,180.0
2023-07,2023,7,3,303,HK,ฮ่องกง,1A,ทวีปเอเชีย,1894560.0,4131.0
2023-07,2023,7,3,309,TW,ไต้หวัน,1A,ทวีปเอเชีย,2763004.0,18201.0
2023-07,2023,7,3,325,NL,เนเธอร์แลนด์,1B,ทวีปยุโรป,431961.0,1454.0
2023-07,2023,7,3,267,ID,อินโดนีเซีย,1A,ทวีปเอเชีย,0.0,0.0
2023-07,2023,7,3,320,GB,สหราชอาณาจักร,1B,ทวีปยุโรป,4059575.0,16335.0
2023-07,2023,7,3,308,MO,มาเก๊า,1A,ทวีปเอเชีย,0.0,0.0
2023-07,2023,7,3,497,NZ,นิวซีแลนด์,1F,ทวีปออสเตรเลีย,3176640.0,5293.0
2023-07,2023,7,3,323,IT,อิตาลี,1B,ทวีปยุโรป,0.0,0.0
2023-07,2023,7,3,327,SE,สวีเดน,1B,ทวีปยุโรป,356274.0,872.0
2023-07,2023,7,3,271,MY,มาเลเซีย,1A,ทวีปเอเชีย,1080000.0,4000.0
2023-07,2023,7,3,315,DE,เยอรมนี,1B,ทวีปยุโรป,902561.0,2672.0
2023-07,2023,7,3,306,KR,เกาหลีใต้,1A,ทวีปเอเชีย,0.0,0.0
2023-07,2023,7,3,304,JP,ญี่ปุ่น,1A,ทวีปเอเชีย,498163.0,910.0
2023-07,2023,7,3,493,NC,นิวแคลีโดเนีย,1F,ทวีปออสเตรเลีย,0.0,0.0
2023-07,2023,7,3,318,FI,ฟินแลนด์,1B,ทวีปยุโรป,0.0,0.0
2023-07,2023,7,3,356,CH,สวิตเซอร์แลนด์,1B,ทวีปยุโรป,147422.0,203.0
2023-07,2023,7,3,366,NO,นอร์เวย์,1B,ทวีปยุโรป,0.0,0.0
2023-07,2023,7,3,317,ES,สเปน,1B,ทวีปยุโรป,0.0,0.0
2023-08,2023,8,3,302,CN,จีน,1A,ทวีปเอเชีย,2572871319.0,10892800.0
2023-08,2023,8,3,373,US,สหรัฐอเมริกา,1C,ทวีปอเมริกาเหนือ,33593874.0,145054.0
2023-08,2023,8,3,371,CA,แคนาดา,1C,ทวีปอเมริกาเหนือ,11975600.0,49086.0
2023-08,2023,8,3,483,AU,ออสเตรเลีย,1F,ทวีปออสเตรเลีย,9565012.0,28524.0
2023-08,2023,8,3,303,HK,ฮ่องกง,1A,ทวีปเอเชีย,3391194.0,7852.0
2023-08,2023,8,3,309,TW,ไต้หวัน,1A,ทวีปเอเชีย,2586340.0,19219.0
2023-08,2023,8,3,319,FR,ฝรั่งเศส,1B,ทวีปยุโรป,383868.0,654.0
2023-08,2023,8,3,325,NL,เนเธอร์แลนด์,1B,ทวีปยุโรป,1495906.0,4368.0
2023-08,2023,8,3,267,ID,อินโดนีเซีย,1A,ทวีปเอเชีย,0.0,0.0
2023-08,2023,8,3,320,GB,สหราชอาณาจักร,1B,ทวีปยุโรป,0.0,0.0
2023-08,2023,8,3,497,NZ,นิวซีแลนด์,1F,ทวีปออสเตรเลีย,3250932.0,6540.0
2023-08,2023,8,3,308,MO,มาเก๊า,1A,ทวีปเอเชีย,0.0,0.0
2023-08,2023,8,3,304,JP,ญี่ปุ่น,1A,ทวีปเอเชีย,3434769.0,10800.0
2023-08,2023,8,3,323,IT,อิตาลี,1B,ทวีปยุโรป,0.0,0.0
2023-08,2023,8,3,271,MY,มาเลเซีย,1A,ทวีปเอเชีย,1100000.0,4000.0
2023-08,2023,8,3,327,SE,สวีเดน,1B,ทวีปยุโรป,0.0,0.0
2023-08,2023,8,3,306,KR,เกาหลีใต้,1A,ทวีปเอเชีย,637061.0,4890.0
2023-08,2023,8,3,315,DE,เยอรมนี,1B,ทวีปยุโรป,181996.0,270.0
2023-08,2023,8,3,493,NC,นิวแคลีโดเนีย,1F,ทวีปออสเตรเลีย,0.0,0.0
2023-08,2023,8,3,318,FI,ฟินแลนด์,1B,ทวีปยุโรป,0.0,0.0
2023-08,2023,8,3,356,CH,สวิตเซอร์แลนด์,1B,ทวีปยุโรป,0.0,0.0
2023-08,2023,8,3,366,NO,นอร์เวย์,1B,ทวีปยุโรป,0.0,0.0
2023-08,2023,8,3,326,PT,โปรตุเกส,1B,ทวีปยุโรป,114297.0,218.0
2023-08,2023,8,3,317,ES,สเปน,1B,ทวีปยุโรป,0.0,0.0
2023-09,2023,9,3,302,CN,จีน,1A,ทวีปเอเชีย,5027424700.0,21211790.0
2023-09,2023,9,3,373,US,สหรัฐอเมริกา,1C,ทวีปอเมริกาเหนือ,46592225.0,191874.0
2023-09,2023,9,3,371,CA,แคนาดา,1C,ทวีปอเมริกาเหนือ,5823840.0,13392.0
2023-09,2023,9,3,483,AU,ออสเตรเลีย,1F,ทวีปออสเตรเลีย,7749377.0,14517.0
2023-09,2023,9,3,303,HK,ฮ่องกง,1A,ทวีปเอเชีย,2051168.0,5190.0
2023-09,2023,9,3,309,TW,ไต้หวัน,1A,ทวีปเอเชีย,3299515.0,27816.0
2023-09,2023,9,3,319,FR,ฝรั่งเศส,1B,ทวีปยุโรป,398043.0,654.0
2023-09,2023,9,3,325,NL,เนเธอร์แลนด์,1B,ทวีปยุโรป,601019.0,1173.0
2023-09,2023,9,3,320,GB,สหราชอาณาจักร,1B,ทวีปยุโรป,2838000.0,5940.0
2023-09,2023,9,3,497,NZ,นิวซีแลนด์,1F,ทวีปออสเตรเลีย,941817.0,1896.0
2023-09,2023,9,3,267,ID,อินโดนีเซีย,1A,ทวีปเอเชีย,0.0,0.0
2023-09,2023,9,3,308,MO,มาเก๊า,1A,ทวีปเอเชีย,0.0,0.0
2023-09,2023,9,3,304,JP,ญี่ปุ่น,1A,ทวีปเอเชีย,0.0,0.0
2023-09,2023,9,3,323,IT,อิตาลี,1B,ทวีปยุโรป,0.0,0.0
2023-09,2023,9,3,271,MY,มาเลเซีย,1A,ทวีปเอเชีย,0.0,0.0
2023-09,2023,9,3,327,SE,สวีเดน,1B,ทวีปยุโรป,331380.0,480.0
2023-09,2023,9,3,306,KR,เกาหลีใต้,1A,ทวีปเอเชีย,0.0,0.0
2023-09,2023,9,3,315,DE,เยอรมนี,1B,ทวีปยุโรป,298242.0,1800.0
2023-09,2023,9,3,493,NC,นิวแคลีโดเนีย,1F,ทวีปออสเตรเลีย,0.0,0.0
2023-09,2023,9,3,318,FI,ฟินแลนด์,1B,ทวีปยุโรป,0.0,0.0
2023-09,2023,9,3,356,CH,สวิตเซอร์แลนด์,1B,ทวีปยุโรป,0.0,0.0
2023-09,2023,9,3,366,NO,นอร์เวย์,1B,ทวีปยุโรป,0.0,0.0
2023-09,2023,9,3,326,PT,โปรตุเกส,1B,ทวีปยุโรป,0.0,0.0
2023-09,2023,9,3,316,DK,เดนมาร์ก,1B,ทวีปยุโรป,59648.0,360.0
2023-09,2023,9,3,317,ES,สเปน,1B,ทวีปยุโรป,0.0,0.0
2023-10,2023,10,4,302,CN,จีน,1A,ทวีปเอเชีย,2972001092.0,13322835.0
2023-10,2023,10,4,373,US,สหรัฐอเมริกา,1C,ทวีปอเมริกาเหนือ,61223842.0,171850.0
2023-10,2023,10,4,371,CA,แคนาดา,1C,ทวีปอเมริกาเหนือ,14001502.0,30356.0
2023-10,2023,10,4,483,AU,ออสเตรเลีย,1F,ทวีปออสเตรเลีย,15283050.0,53325.0
2023-10,2023,10,4,325,NL,เนเธอร์แลนด์,1B,ทวีปยุโรป,11123993.0,23931.0
2023-10,2023,10,4,303,HK,ฮ่องกง,1A,ทวีปเอเชีย,5620894.0,15408.0
2023-10,2023,10,4,309,TW,ไต้หวัน,1A,ทวีปเอเชีย,518985.0,3967.0
2023-10,2023,10,4,319,FR,ฝรั่งเศส,1B,ทวีปยุโรป,819784.0,1424.0
2023-10,2023,10,4,320,GB,สหราชอาณาจักร,1B,ทวีปยุโรป,1398350.0,2044.0
2023-10,2023,10,4,497,NZ,นิวซีแลนด์,1F,ทวีปออสเตรเลีย,301879.0,1800.0
2023-10,2023,10,4,267,ID,อินโดนีเซีย,1A,ทวีปเอเชีย,0.0,0.0
2023-10,2023,10,4,306,KR,เกาหลีใต้,1A,ทวีปเอเชีย,2964142.0,10692.0
2023-10,2023,10,4,271,MY,มาเลเซีย,1A,ทวีปเอเชีย,1814400.0,6720.0
2023-10,2023,10,4,308,MO,มาเก๊า,1A,ทวีปเอเชีย,0.0,0.0
2023-10,2023,10,4,304,JP,ญี่ปุ่น,1A,ทวีปเอเชีย,0.0,0.0
2023-10,2023,10,4,323,IT,อิตาลี,1B,ทวีปยุโรป,0.0,0.0
2023-10,2023,10,4,327,SE,สวีเดน,1B,ทวีปยุโรป,0.0,0.0
2023-10,2023,10,4,315,DE,เยอรมนี,1B,ทวีปยุโรป,0.0,0.0
2023-10,2023,10,4,493,NC,นิวแคลีโดเนีย,1F,ทวีปออสเตรเลีย,0.0,0.0
2023-10,2023,10,4,318,FI,ฟินแลนด์,1B,ทวีปยุโรป,0.0,0.0
2023-10,2023,10,4,356,CH,สวิตเซอร์แลนด์,1B,ทวีปยุโรป,0.0,0.0
2023-10,2023,10,4,366,NO,นอร์เวย์,1B,ทวีปยุโรป,0.0,0.0
2023-10,2023,10,4,326,PT,โปรตุเกส,1B,ทวีปยุโรป,0.0,0.0
2023-10,2023,10,4,316,DK,เดนมาร์ก,1B,ทวีปยุโรป,0.0,0.0
2023-10,2023,10,4,317,ES,สเปน,1B,ทวีปยุโรป,0.0,0.0
2023-11,2023,11,4,302,CN,จีน,1A,ทวีปเอเชีย,1363514326.0,5856424.0
2023-11,2023,11,4,373,US,สหรัฐอเมริกา,1C,ทวีปอเมริกาเหนือ,37165161.0,105026.0
2023-11,2023,11,4,371,CA,แคนาดา,1C,ทวีปอเมริกาเหนือ,14767852.0,42409.0
2023-11,2023,11,4,483,AU,ออสเตรเลีย,1F,ทวีปออสเตรเลีย,3313869.0,7051.0
2023-11,2023,11,4,303,HK,ฮ่องกง,1A,ทวีปเอเชีย,2372500.0,5500.0
2023-11,2023,11,4,325,NL,เนเธอร์แลนด์,1B,ทวีปยุโรป,240244.0,864.0
2023-11,2023,11,4,309,TW,ไต้หวัน,1A,ทวีปเอเชีย,3415095.0,26364.0
2023-11,2023,11,4,319,FR,ฝรั่งเศส,1B,ทวีปยุโรป,6201570.0,16975.0
2023-11,2023,11,4,320,GB,สหราชอาณาจักร,1B,ทวีปยุโรป,1117483.0,1728.0
2023-11,2023,11,4,497,NZ,นิวซีแลนด์,1F,ทวีปออสเตรเลีย,0.0,0.0
2023-11,2023,11,4,267,ID,อินโดนีเซีย,1A,ทวีปเอเชีย,0.0,0.0
2023-11,2023,11,4,306,KR,เกาหลีใต้,1A,ทวีปเอเชีย,1670637.0,10764.0
2023-11,2023,11,4,308,MO,มาเก๊า,1A,ทวีปเอเชีย,20000.0,100.0
2023-11,2023,11,4,271,MY,มาเลเซีย,1A,ทวีปเอเชีย,0.0,0.0
2023-11,2023,11,4,304,JP,ญี่ปุ่น,1A,ทวีปเอเชีย,0.0,0.0
2023-11,2023,11,4,323,IT,อิตาลี,1B,ทวีปยุโรป,0.0,0.0
2023-11,2023,11,4,327,SE,สวีเดน,1B,ทวีปยุโรป,354700.0,606.0
2023-11,2023,11,4,315,DE,เยอรมนี,1B,ทวีปยุโรป,0.0,0.0
2023-11,2023,11,4,493,NC,นิวแคลีโดเนีย,1F,ทวีปออสเตรเลีย,0.0,0.0
2023-11,2023,11,4,318,FI,ฟินแลนด์,1B,ทวีปยุโรป,0.0,0.0
2023-11,2023,11,4,356,CH,สวิตเซอร์แลนด์,1B,ทวีปยุโรป,0.0,0.0
2023-11,2023,11,4,366,NO,นอร์เวย์,1B,ทวีปยุโรป,0.0,0.0
2023-11,2023,11,4,326,PT,โปรตุเกส,1B,ทวีปยุโรป,0.0,0.0
2023-11,2023,11,4,316,DK,เดนมาร์ก,1B,ทวีปยุโรป,0.0,0.0
2023-11,2023,11,4,317,ES,สเปน,1B,ทวีปยุโรป,0.0,0.0
2023-12,2023,12,4,302,CN,จีน,1A,ทวีปเอเชีย,867196977.0,3693173.0
2023-12,2023,12,4,373,US,สหรัฐอเมริกา,1C,ทวีปอเมริกาเหนือ,28745221.0,112244.0
2023-12,2023,12,4,371,CA,แคนาดา,1C,ทวีปอเมริกาเหนือ,10886215.0,23575.0
2023-12,2023,12,4,483,AU,ออสเตรเลีย,1F,ทวีปออสเตรเลีย,15131590.0,53659.0
2023-12,2023,12,4,303,HK,ฮ่องกง,1A,ทวีปเอเชีย,4217137.0,10296.0
2023-12,2023,12,4,309,TW,ไต้หวัน,1A,ทวีปเอเชีย,4440933.0,15478.0
2023-12,2023,12,4,325,NL,เนเธอร์แลนด์,1B,ทวีปยุโรป,177040.0,972.0
2023-12,2023,12,4,319,FR,ฝรั่งเศส,1B,ทวีปยุโรป,0.0,0.0
2023-12,2023,12,4,320,GB,สหราชอาณาจักร,1B,ทวีปยุโรป,2018159.0,4805.0
2023-12,2023,12,4,497,NZ,นิวซีแลนด์,1F,ทวีปออสเตรเลีย,196935.0,1200.0
2023-12,2023,12,4,267,ID,อินโดนีเซีย,1A,ทวีปเอเชีย,0.0,0.0
2023-12,2023,12,4,306,KR,เกาหลีใต้,1A,ทวีปเอเชีย,0.0,0.0
2023-12,2023,12,4,308,MO,มาเก๊า,1A,ทวีปเอเชีย,0.0,0.0
2023-12,2023,12,4,271,MY,มาเลเซีย,1A,ทวีปเอเชีย,0.0,0.0
2023-12,2023,12,4,304,JP,ญี่ปุ่น,1A,ทวีปเอเชีย,0.0,0.0
2023-12,2023,12,4,323,IT,อิตาลี,1B,ทวีปยุโรป,0.0,0.0
2023-12,2023,12,4,327,SE,สวีเดน,1B,ทวีปยุโรป,0.0,0.0
2023-12,2023,12,4,315,DE,เยอรมนี,1B,ทวีปยุโรป,587513.0,926.0
2023-12,2023,12,4,493,NC,นิวแคลีโดเนีย,1F,ทวีปออสเตรเลีย,128392.0,240.0
2023-12,2023,12,4,318,FI,ฟินแลนด์,1B,ทวีปยุโรป,0.0,0.0
2023-12,2023,12,4,356,CH,สวิตเซอร์แลนด์,1B,ทวีปยุโรป,0.0,0.0
2023-12,2023,12,4,366,NO,นอร์เวย์,1B,ทวีปยุโรป,0.0,0.0
2023-12,2023,12,4,326,PT,โปรตุเกส,1B,ทวีปยุโรป,0.0,0.0
2023-12,2023,12,4,316,DK,เดนมาร์ก,1B,ทวีปยุโรป,0.0,0.0
2023-12,2023,12,4,317,ES,สเปน,1B,ทวีปยุโรป,0.0,0.0
2024-01,2024,1,1,302,CN,จีน,1A,ทวีปเอเชีย,798640860.0,3295908.0
2024-01,2024,1,1,371,CA,แคนาดา,1C,ทวีปอเมริกาเหนือ,11112795.0,24916.0
2024-01,2024,1,1,483,AU,ออสเตรเลีย,1F,ทวีปออสเตรเลีย,10906752.0,22299.0
2024-01,2024,1,1,373,US,สหรัฐอเมริกา,1C,ทวีปอเมริกาเหนือ,3628453.0,18953.0
2024-01,2024,1,1,309,TW,ไต้หวัน,1A,ทวีปเอเชีย,3245273.0,5375.0
2024-01,2024,1,1,304,JP,ญี่ปุ่น,1A,ทวีปเอเชีย,3138505.0,8712.0
2024-01,2024,1,1,313,BE,เบลเยียม,1B,ทวีปยุโรป,3036030.0,5980.0
2024-01,2024,1,1,303,HK,ฮ่องกง,1A,ทวีปเอเชีย,1276896.0,2395.0
2024-01,2024,1,1,497,NZ,นิวซีแลนด์,1F,ทวีปออสเตรเลีย,548863.0,1200.0
2024-01,2024,1,1,315,DE,เยอรมนี,1B,ทวีปยุโรป,348439.0,540.0
2024-01,2024,1,1,325,NL,เนเธอร์แลนด์,1B,ทวีปยุโรป,261875.0,436.0
2024-02,2024,2,1,302,CN,จีน,1A,ทวีปเอเชีย,474991136.0,2392158.0
2024-02,2024,2,1,483,AU,ออสเตรเลีย,1F,ทวีปออสเตรเลีย,13032712.0,33063.0
2024-02,2024,2,1,371,CA,แคนาดา,1C,ทวีปอเมริกาเหนือ,10977295.0,25860.0
2024-02,2024,2,1,373,US,สหรัฐอเมริกา,1C,ทวีปอเมริกาเหนือ,10425418.0,33713.0
2024-02,2024,2,1,303,HK,ฮ่องกง,1A,ทวีปเอเชีย,5306201.0,12162.0
2024-02,2024,2,1,309,TW,ไต้หวัน,1A,ทวีปเอเชีย,203328.0,346.0
2024-02,2024,2,1,304,JP,ญี่ปุ่น,1A,ทวีปเอเชีย,88.0,2.0
2024-02,2024,2,1,313,BE,เบลเยียม,1B,ทวีปยุโรป,0.0,0.0
2024-02,2024,2,1,325,NL,เนเธอร์แลนด์,1B,ทวีปยุโรป,1264573.0,2705.0
2024-02,2024,2,1,497,NZ,นิวซีแลนด์,1F,ทวีปออสเตรเลีย,299236.0,1800.0
2024-02,2024,2,1,271,MY,มาเลเซีย,1A,ทวีปเอเชีย,488800.0,1880.0
2024-02,2024,2,1,315,DE,เยอรมนี,1B,ทวีปยุโรป,0.0,0.0
2024-02,2024,2,1,319,FR,ฝรั่งเศส,1B,ทวีปยุโรป,191840.0,327.0
2024-03,2024,3,1,302,CN,จีน,1A,ทวีปเอเชีย,1027354108.0,4560078.0
2024-03,2024,3,1,371,CA,แคนาดา,1C,ทวีปอเมริกาเหนือ,6078590.0,11533.0
2024-03,2024,3,1,483,AU,ออสเตรเลีย,1F,ทวีปออสเตรเลีย,2550209.0,8139.0
2024-03,2024,3,1,373,US,สหรัฐอเมริกา,1C,ทวีปอเมริกาเหนือ,5246051.0,22171.0
2024-03,2024,3,1,303,HK,ฮ่องกง,1A,ทวีปเอเชีย,1281566.0,2525.0
2024-03,2024,3,1,309,TW,ไต้หวัน,1A,ทวีปเอเชีย,2062484.0,6510.0
2024-03,2024,3,1,304,JP,ญี่ปุ่น,1A,ทวีปเอเชีย,0.0,0.0
2024-03,2024,3,1,313,BE,เบลเยียม,1B,ทวีปยุโรป,0.0,0.0
2024-03,2024,3,1,325,NL,เนเธอร์แลนด์,1B,ทวีปยุโรป,0.0,0.0
2024-03,2024,3,1,497,NZ,นิวซีแลนด์,1F,ทวีปออสเตรเลีย,0.0,0.0
2024-03,2024,3,1,271,MY,มาเลเซีย,1A,ทวีปเอเชีย,98800.0,380.0
2024-03,2024,3,1,315,DE,เยอรมนี,1B,ทวีปยุโรป,0.0,0.0
2024-03,2024,3,1,319,FR,ฝรั่งเศส,1B,ทวีปยุโรป,0.0,0.0
2024-04,2024,4,2,302,CN,จีน,1A,ทวีปเอเชีย,993536775.0,4188643.0
2024-04,2024,4,2,371,CA,แคนาดา,1C,ทวีปอเมริกาเหนือ,0.0,0.0
2024-04,2024,4,2,373,US,สหรัฐอเมริกา,1C,ทวีปอเมริกาเหนือ,7572463.0,15288.0
2024-04,2024,4,2,483,AU,ออสเตรเลีย,1F,ทวีปออสเตรเลีย,369026.0,780.0
2024-04,2024,4,2,303,HK,ฮ่องกง,1A,ทวีปเอเชีย,957150.0,2066.0
2024-04,2024,4,2,309,TW,ไต้หวัน,1A,ทวีปเอเชีย,920055.0,4704.0
2024-04,2024,4,2,304,JP,ญี่ปุ่น,1A,ทวีปเอเชีย,0.0,0.0
2024-04,2024,4,2,313,BE,เบลเยียม,1B,ทวีปยุโรป,0.0,0.0
2024-04,2024,4,2,325,NL,เนเธอร์แลนด์,1B,ทวีปยุโรป,361448.0,711.0
2024-04,2024,4,2,319,FR,ฝรั่งเศส,1B,ทวีปยุโรป,1024346.0,1543.0
2024-04,2024,4,2,497,NZ,นิวซีแลนด์,1F,ทวีปออสเตรเลีย,331392.0,1968.0
2024-04,2024,4,2,320,GB,สหราชอาณาจักร,1B,ทวีปยุโรป,1016790.0,1498.0
2024-04,2024,4,2,271,MY,มาเลเซีย,1A,ทวีปเอเชีย,355600.0,2060.0
2024-04,2024,4,2,315,DE,เยอรมนี,1B,ทวีปยุโรป,0.0,0.0
2024-04,2024,4,2,356,CH,สวิตเซอร์แลนด์,1B,ทวีปยุโรป,135868.0,174.0
2024-05,2024,5,2,302,CN,จีน,1A,ทวีปเอเชีย,1558438084.0,6060786.0
2024-05,2024,5,2,483,AU,ออสเตรเลีย,1F,ทวีปออสเตรเลีย,13764178.0,43866.0
2024-05,2024,5,2,373,US,สหรัฐอเมริกา,1C,ทวีปอเมริกาเหนือ,7592911.0,18878.0
2024-05,2024,5,2,371,CA,แคนาดา,1C,ทวีปอเมริกาเหนือ,3588995.0,7630.0
2024-05,2024,5,2,303,HK,ฮ่องกง,1A,ทวีปเอเชีย,6180160.0,14064.0
2024-05,2024,5,2,309,TW,ไต้หวัน,1A,ทวีปเอเชีย,6520175.0,34850.0
2024-05,2024,5,2,325,NL,เนเธอร์แลนด์,1B,ทวีปยุโรป,5267766.0,11136.0
2024-05,2024,5,2,308,MO,มาเก๊า,1A,ทวีปเอเชีย,6858863.0,13302.0
2024-05,2024,5,2,320,GB,สหราชอาณาจักร,1B,ทวีปยุโรป,4200000.0,7560.0
2024-05,2024,5,2,497,NZ,นิวซีแลนด์,1F,ทวีปออสเตรเลีย,2630753.0,5926.0
2024-05,2024,5,2,304,JP,ญี่ปุ่น,1A,ทวีปเอเชีย,0.0,0.0
2024-05,2024,5,2,313,BE,เบลเยียม,1B,ทวีปยุโรป,0.0,0.0
2024-05,2024,5,2,271,MY,มาเลเซีย,1A,ทวีปเอเชีย,300000.0,2000.0
2024-05,2024,5,2,319,FR,ฝรั่งเศส,1B,ทวีปยุโรป,0.0,0.0
2024-05,2024,5,2,315,DE,เยอรมนี,1B,ทวีปยุโรป,0.0,0.0
2024-05,2024,5,2,356,CH,สวิตเซอร์แลนด์,1B,ทวีปยุโรป,0.0,0.0
2024-06,2024,6,2,302,CN,จีน,1A,ทวีปเอเชีย,1736569815.0,6789975.0
2024-06,2024,6,2,373,US,สหรัฐอเมริกา,1C,ทวีปอเมริกาเหนือ,18456301.0,60628.0
2024-06,2024,6,2,483,AU,ออสเตรเลีย,1F,ทวีปออสเตรเลีย,10893552.0,31232.0
2024-06,2024,6,2,371,CA,แคนาดา,1C,ทวีปอเมริกาเหนือ,11422747.0,26794.0
2024-06,2024,6,2,309,TW,ไต้หวัน,1A,ทวีปเอเชีย,8117479.0,51565.0
2024-06,2024,6,2,303,HK,ฮ่องกง,1A,ทวีปเอเชีย,1388155.0,3003.0
2024-06,2024,6,2,325,NL,เนเธอร์แลนด์,1B,ทวีปยุโรป,216021.0,576.0
2024-06,2024,6,2,308,MO,มาเก๊า,1A,ทวีปเอเชีย,0.0,0.0
2024-06,2024,6,2,320,GB,สหราชอาณาจักร,1B,ทวีปยุโรป,0.0,0.0
2024-06,2024,6,2,497,NZ,นิวซีแลนด์,1F,ทวีปออสเตรเลีย,341141.0,2016.0
2024-06,2024,6,2,304,JP,ญี่ปุ่น,1A,ทวีปเอเชีย,0.0,0.0
2024-06,2024,6,2,313,BE,เบลเยียม,1B,ทวีปยุโรป,0.0,0.0
2024-06,2024,6,2,319,FR,ฝรั่งเศส,1B,ทวีปยุโรป,1129606.0,2246.0
2024-06,2024,6,2,271,MY,มาเลเซีย,1A,ทวีปเอเชีย,470000.0,3000.0
2024-06,2024,6,2,327,SE,สวีเดน,1B,ทวีปยุโรป,744573.0,1780.0
2024-06,2024,6,2,315,DE,เยอรมนี,1B,ทวีปยุโรป,0.0,0.0
2024-06,2024,6,2,356,CH,สวิตเซอร์แลนด์,1B,ทวีปยุโรป,0.0,0.0
2024-07,2024,7,3,302,CN,จีน,1A,ทวีปเอเชีย,1820710074.0,6785495.0
2024-07,2024,7,3,373,US,สหรัฐอเมริกา,1C,ทวีปอเมริกาเหนือ,66500568.0,181515.0
2024-07,2024,7,3,483,AU,ออสเตรเลีย,1F,ทวีปออสเตรเลีย,3384643.0,6847.0
2024-07,2024,7,3,371,CA,แคนาดา,1C,ทวีปอเมริกาเหนือ,7391922.0,16608.0
2024-07,2024,7,3,309,TW,ไต้หวัน,1A,ทวีปเอเชีย,13054358.0,54375.0
2024-07,2024,7,3,303,HK,ฮ่องกง,1A,ทวีปเอเชีย,4572174.0,10240.0
2024-07,2024,7,3,320,GB,สหราชอาณาจักร,1B,ทวีปยุโรป,6976208.0,15044.0
2024-07,2024,7,3,497,NZ,นิวซีแลนด์,1F,ทวีปออสเตรเลีย,4402351.0,7005.0
2024-07,2024,7,3,325,NL,เนเธอร์แลนด์,1B,ทวีปยุโรป,377276.0,1071.0
2024-07,2024,7,3,308,MO,มาเก๊า,1A,ทวีปเอเชีย,0.0,0.0
2024-07,2024,7,3,315,DE,เยอรมนี,1B,ทวีปยุโรป,3904662.0,9104.0
2024-07,2024,7,3,304,JP,ญี่ปุ่น,1A,ทวีปเอเชีย,9575.0,9.0
2024-07,2024,7,3,313,BE,เบลเยียม,1B,ทวีปยุโรป,0.0,0.0
2024-07,2024,7,3,319,FR,ฝรั่งเศส,1B,ทวีปยุโรป,387417.0,491.0
2024-07,2024,7,3,271,MY,มาเลเซีย,1A,ทวีปเอเชีย,653800.0,3860.0
2024-07,2024,7,3,327,SE,สวีเดน,1B,ทวีปยุโรป,0.0,0.0
2024-07,2024,7,3,356,CH,สวิตเซอร์แลนด์,1B,ทวีปยุโรป,0.0,0.0
2024-08,2024,8,3,302,CN,จีน,1A,ทวีปเอเชีย,3782655457.0,15048811.0
2024-08,2024,8,3,373,US,สหรัฐอเมริกา,1C,ทวีปอเมริกาเหนือ,55032626.0,205713.0
2024-08,2024,8,3,483,AU,ออสเตรเลีย,1F,ทวีปออสเตรเลีย,9769204.0,26989.0
2024-08,2024,8,3,371,CA,แคนาดา,1C,ทวีปอเมริกาเหนือ,9057743.0,19648.0
2024-08,2024,8,3,309,TW,ไต้หวัน,1A,ทวีปเอเชีย,15148660.0,58217.0
2024-08,2024,8,3,303,HK,ฮ่องกง,1A,ทวีปเอเชีย,1352925.0,4275.0
2024-08,2024,8,3,320,GB,สหราชอาณาจักร,1B,ทวีปยุโรป,1866502.0,3216.0
2024-08,2024,8,3,325,NL,เนเธอร์แลนด์,1B,ทวีปยุโรป,1779841.0,3840.0
2024-08,2024,8,3,497,NZ,นิวซีแลนด์,1F,ทวีปออสเตรเลีย,636868.0,2448.0
2024-08,2024,8,3,308,MO,มาเก๊า,1A,ทวีปเอเชีย,0.0,0.0
2024-08,2024,8,3,271,MY,มาเลเซีย,1A,ทวีปเอเชีย,2095000.0,11000.0
2024-08,2024,8,3,315,DE,เยอรมนี,1B,ทวีปยุโรป,0.0,0.0
2024-08,2024,8,3,319,FR,ฝรั่งเศส,1B,ทวีปยุโรป,982558.0,2356.0
2024-08,2024,8,3,304,JP,ญี่ปุ่น,1A,ทวีปเอเชีย,0.0,0.0
2024-08,2024,8,3,313,BE,เบลเยียม,1B,ทวีปยุโรป,0.0,0.0
2024-08,2024,8,3,327,SE,สวีเดน,1B,ทวีปยุโรป,423663.0,556.0
2024-08,2024,8,3,273,SG,สิงคโปร์,1A,ทวีปเอเชีย,208000.0,5200.0
2024-08,2024,8,3,356,CH,สวิตเซอร์แลนด์,1B,ทวีปยุโรป,0.0,0.0
2024-09,2024,9,3,302,CN,จีน,1A,ทวีปเอเชีย,3123520980.0,13941495.0
2024-09,2024,9,3,373,US,สหรัฐอเมริกา,1C,ทวีปอเมริกาเหนือ,57129197.0,214304.0
2024-09,2024,9,3,483,AU,ออสเตรเลีย,1F,ทวีปออสเตรเลีย,20930369.0,43172.0
2024-09,2024,9,3,371,CA,แคนาดา,1C,ทวีปอเมริกาเหนือ,11458101.0,26829.0
2024-09,2024,9,3,309,TW,ไต้หวัน,1A,ทวีปเอเชีย,1608452.0,9520.0
2024-09,2024,9,3,303,HK,ฮ่องกง,1A,ทวีปเอเชีย,2114663.0,5480.0
2024-09,2024,9,3,320,GB,สหราชอาณาจักร,1B,ทวีปยุโรป,2210015.0,4804.0
2024-09,2024,9,3,497,NZ,นิวซีแลนด์,1F,ทวีปออสเตรเลีย,4672354.0,13117.0
2024-09,2024,9,3,325,NL,เนเธอร์แลนด์,1B,ทวีปยุโรป,3010096.0,6938.0
2024-09,2024,9,3,308,MO,มาเก๊า,1A,ทวีปเอเชีย,0.0,0.0
2024-09,2024,9,3,271,MY,มาเลเซีย,1A,ทวีปเอเชีย,0.0,0.0
2024-09,2024,9,3,315,DE,เยอรมนี,1B,ทวีปยุโรป,0.0,0.0
2024-09,2024,9,3,319,FR,ฝรั่งเศส,1B,ทวีปยุโรป,375316.0,589.0
2024-09,2024,9,3,304,JP,ญี่ปุ่น,1A,ทวีปเอเชีย,0.0,0.0
2024-09,2024,9,3,313,BE,เบลเยียม,1B,ทวีปยุโรป,0.0,0.0
2024-09,2024,9,3,327,SE,สวีเดน,1B,ทวีปยุโรป,0.0,0.0
2024-09,2024,9,3,318,FI,ฟินแลนด์,1B,ทวีปยุโรป,257314.0,436.0
2024-09,2024,9,3,273,SG,สิงคโปร์,1A,ทวีปเอเชีย,0.0,0.0
2024-09,2024,9,3,356,CH,สวิตเซอร์แลนด์,1B,ทวีปยุโรป,0.0,0.0
2024-09,2024,9,3,306,KR,เกาหลีใต้,1A,ทวีปเอเชีย,2987.0,5.0
2024-10,2024,10,4,302,CN,จีน,1A,ทวีปเอเชีย,2475933522.0,12020551.0
2024-10,2024,10,4,373,US,สหรัฐอเมริกา,1C,ทวีปอเมริกาเหนือ,43129669.0,143766.0
2024-10,2024,10,4,483,AU,ออสเตรเลีย,1F,ทวีปออสเตรเลีย,23964240.0,61257.0
2024-10,2024,10,4,371,CA,แคนาดา,1C,ทวีปอเมริกาเหนือ,7314178.0,15281.0
2024-10,2024,10,4,309,TW,ไต้หวัน,1A,ทวีปเอเชีย,8457027.0,36242.0
2024-10,2024,10,4,303,HK,ฮ่องกง,1A,ทวีปเอเชีย,4906086.0,13858.0
2024-10,2024,10,4,497,NZ,นิวซีแลนด์,1F,ทวีปออสเตรเลีย,4508817.0,10795.0
2024-10,2024,10,4,320,GB,สหราชอาณาจักร,1B,ทวีปยุโรป,0.0,0.0
2024-10,2024,10,4,325,NL,เนเธอร์แลนด์,1B,ทวีปยุโรป,3293491.0,8404.0
2024-10,2024,10,4,319,FR,ฝรั่งเศส,1B,ทวีปยุโรป,8071258.0,20275.0
2024-10,2024,10,4,308,MO,มาเก๊า,1A,ทวีปเอเชีย,0.0,0.0
2024-10,2024,10,4,313,BE,เบลเยียม,1B,ทวีปยุโรป,3300000.0,5940.0
2024-10,2024,10,4,271,MY,มาเลเซีย,1A,ทวีปเอเชีย,735000.0,3000.0
2024-10,2024,10,4,315,DE,เยอรมนี,1B,ทวีปยุโรป,942045.0,2250.0
2024-10,2024,10,4,267,ID,อินโดนีเซีย,1A,ทวีปเอเชีย,3480599.0,8100.0
2024-10,2024,10,4,304,JP,ญี่ปุ่น,1A,ทวีปเอเชีย,0.0,0.0
2024-10,2024,10,4,327,SE,สวีเดน,1B,ทวีปยุโรป,457928.0,740.0
2024-10,2024,10,4,306,KR,เกาหลีใต้,1A,ทวีปเอเชีย,1579216.0,4513.0
2024-10,2024,10,4,318,FI,ฟินแลนด์,1B,ทวีปยุโรป,0.0,0.0
2024-10,2024,10,4,273,SG,สิงคโปร์,1A,ทวีปเอเชีย,0.0,0.0
2024-10,2024,10,4,356,CH,สวิตเซอร์แลนด์,1B,ทวีปยุโรป,0.0,0.0
2024-11,2024,11,4,302,CN,จีน,1A,ทวีปเอเชีย,2532494600.0,12112080.0
2024-11,2024,11,4,373,US,สหรัฐอเมริกา,1C,ทวีปอเมริกาเหนือ,49925717.0,138109.0
2024-11,2024,11,4,483,AU,ออสเตรเลีย,1F,ทวีปออสเตรเลีย,14793074.0,41163.0
2024-11,2024,11,4,371,CA,แคนาดา,1C,ทวีปอเมริกาเหนือ,15001790.0,29421.0
2024-11,2024,11,4,309,TW,ไต้หวัน,1A,ทวีปเอเชีย,1017494.0,9960.0
2024-11,2024,11,4,303,HK,ฮ่องกง,1A,ทวีปเอเชีย,3210570.0,7372.0
2024-11,2024,11,4,497,NZ,นิวซีแลนด์,1F,ทวีปออสเตรเลีย,401057.0,2016.0
2024-11,2024,11,4,325,NL,เนเธอร์แลนด์,1B,ทวีปยุโรป,928101.0,1902.0
2024-11,2024,11,4,320,GB,สหราชอาณาจักร,1B,ทวีปยุโรป,0.0,0.0
2024-11,2024,11,4,319,FR,ฝรั่งเศส,1B,ทวีปยุโรป,1376797.0,2109.0
2024-11,2024,11,4,308,MO,มาเก๊า,1A,ทวีปเอเชีย,0.0,0.0
2024-11,2024,11,4,313,BE,เบลเยียม,1B,ทวีปยุโรป,0.0,0.0
2024-11,2024,11,4,315,DE,เยอรมนี,1B,ทวีปยุโรป,180237.0,262.0
2024-11,2024,11,4,271,MY,มาเลเซีย,1A,ทวีปเอเชีย,0.0,0.0
2024-11,2024,11,4,306,KR,เกาหลีใต้,1A,ทวีปเอเชีย,2837491.0,11708.0
2024-11,2024,11,4,267,ID,อินโดนีเซีย,1A,ทวีปเอเชีย,0.0,0.0
2024-11,2024,11,4,304,JP,ญี่ปุ่น,1A,ทวีปเอเชีย,208000.0,320.0
2024-11,2024,11,4,327,SE,สวีเดน,1B,ทวีปยุโรป,0.0,0.0
2024-11,2024,11,4,296,SA,ซาอุดีอาระเบีย,1A,ทวีปเอเชีย,523076.0,1008.0
2024-11,2024,11,4,318,FI,ฟินแลนด์,1B,ทวีปยุโรป,0.0,0.0
2024-11,2024,11,4,273,SG,สิงคโปร์,1A,ทวีปเอเชีย,0.0,0.0
2024-11,2024,11,4,356,CH,สวิตเซอร์แลนด์,1B,ทวีปยุโรป,0.0,0.0
2024-12,2024,12,4,302,CN,จีน,1A,ทวีปเอเชีย,1567866257.0,7477325.0
2024-12,2024,12,4,373,US,สหรัฐอเมริกา,1C,ทวีปอเมริกาเหนือ,35105799.0,91101.0
2024-12,2024,12,4,483,AU,ออสเตรเลีย,1F,ทวีปออสเตรเลีย,11737576.0,34851.0
2024-12,2024,12,4,371,CA,แคนาดา,1C,ทวีปอเมริกาเหนือ,0.0,0.0
2024-12,2024,12,4,309,TW,ไต้หวัน,1A,ทวีปเอเชีย,92799.0,270.0
2024-12,2024,12,4,303,HK,ฮ่องกง,1A,ทวีปเอเชีย,1987541.0,4604.0
2024-12,2024,12,4,320,GB,สหราชอาณาจักร,1B,ทวีปยุโรป,6360880.0,10656.0
2024-12,2024,12,4,325,NL,เนเธอร์แลนด์,1B,ทวีปยุโรป,2752098.0,5535.0
2024-12,2024,12,4,497,NZ,นิวซีแลนด์,1F,ทวีปออสเตรเลีย,0.0,0.0
2024-12,2024,12,4,319,FR,ฝรั่งเศส,1B,ทวีปยุโรป,578426.0,876.0
2024-12,2024,12,4,308,MO,มาเก๊า,1A,ทวีปเอเชีย,0.0,0.0
2024-12,2024,12,4,313,BE,เบลเยียม,1B,ทวีปยุโรป,0.0,0.0
2024-12,2024,12,4,271,MY,มาเลเซีย,1A,ทวีปเอเชีย,586000.0,2200.0
2024-12,2024,12,4,267,ID,อินโดนีเซีย,1A,ทวีปเอเชีย,2032833.0,4500.0
2024-12,2024,12,4,315,DE,เยอรมนี,1B,ทวีปยุโรป,0.0,0.0
2024-12,2024,12,4,306,KR,เกาหลีใต้,1A,ทวีปเอเชีย,576195.0,4992.0
2024-12,2024,12,4,304,JP,ญี่ปุ่น,1A,ทวีปเอเชีย,0.0,0.0
2024-12,2024,12,4,327,SE,สวีเดน,1B,ทวีปยุโรป,0.0,0.0
2024-12,2024,12,4,296,SA,ซาอุดีอาระเบีย,1A,ทวีปเอเชีย,0.0,0.0
2024-12,2024,12,4,356,CH,สวิตเซอร์แลนด์,1B,ทวีปยุโรป,174900.0,232.0
2024-12,2024,12,4,318,FI,ฟินแลนด์,1B,ทวีปยุโรป,0.0,0.0
2024-12,2024,12,4,273,SG,สิงคโปร์,1A,ทวีปเอเชีย,0.0,0.0
2025-01,2025,1,1,302,CN,จีน,1A,ทวีปเอเชีย,1284004567.0,5317168.0
2025-01,2025,1,1,373,US,สหรัฐอเมริกา,1C,ทวีปอเมริกาเหนือ,9781490.0,30731.0
2025-01,2025,1,1,371,CA,แคนาดา,1C,ทวีปอเมริกาเหนือ,6375558.0,12535.0
2025-01,2025,1,1,325,NL,เนเธอร์แลนด์,1B,ทวีปยุโรป,5144798.0,11136.0
2025-01,2025,1,1,497,NZ,นิวซีแลนด์,1F,ทวีปออสเตรเลีย,4169743.0,7088.0
2025-01,2025,1,1,313,BE,เบลเยียม,1B,ทวีปยุโรป,3525443.0,6245.0
2025-01,2025,1,1,303,HK,ฮ่องกง,1A,ทวีปเอเชีย,2239737.0,5455.0
2025-01,2025,1,1,309,TW,ไต้หวัน,1A,ทวีปเอเชีย,2127859.0,20790.0
2025-01,2025,1,1,483,AU,ออสเตรเลีย,1F,ทวีปออสเตรเลีย,1795220.0,2749.0
2025-01,2025,1,1,267,ID,อินโดนีเซีย,1A,ทวีปเอเชีย,979448.0,2171.0
2025-01,2025,1,1,306,KR,เกาหลีใต้,1A,ทวีปเอเชีย,570540.0,4992.0
2025-01,2025,1,1,315,DE,เยอรมนี,1B,ทวีปยุโรป,386372.0,545.0
2025-01,2025,1,1,271,MY,มาเลเซีย,1A,ทวีปเอเชีย,280000.0,2000.0
2025-01,2025,1,1,327,SE,สวีเดน,1B,ทวีปยุโรป,264950.0,545.0
2025-02,2025,2,1,302,CN,จีน,1A,ทวีปเอเชีย,83407521.0,303220.0
2025-02,2025,2,1,373,US,สหรัฐอเมริกา,1C,ทวีปอเมริกาเหนือ,32668749.0,57652.0
2025-02,2025,2,1,371,CA,แคนาดา,1C,ทวีปอเมริกาเหนือ,5521169.0,12975.0
2025-02,2025,2,1,309,TW,ไต้หวัน,1A,ทวีปเอเชีย,3890252.0,13177.0
2025-02,2025,2,1,325,NL,เนเธอร์แลนด์,1B,ทวีปยุโรป,0.0,0.0
2025-02,2025,2,1,497,NZ,นิวซีแลนด์,1F,ทวีปออสเตรเลีย,256609.0,1260.0
2025-02,2025,2,1,313,BE,เบลเยียม,1B,ทวีปยุโรป,0.0,0.0
2025-02,2025,2,1,303,HK,ฮ่องกง,1A,ทวีปเอเชีย,360147.0,706.0
2025-02,2025,2,1,483,AU,ออสเตรเลีย,1F,ทวีปออสเตรเลีย,241674.0,384.0
2025-02,2025,2,1,319,FR,ฝรั่งเศส,1B,ทวีปยุโรป,1103390.0,1722.0
2025-02,2025,2,1,267,ID,อินโดนีเซีย,1A,ทวีปเอเชีย,0.0,0.0
2025-02,2025,2,1,271,MY,มาเลเซีย,1A,ทวีปเอเชีย,536800.0,3740.0
2025-02,2025,2,1,306,KR,เกาหลีใต้,1A,ทวีปเอเชีย,0.0,0.0
2025-02,2025,2,1,315,DE,เยอรมนี,1B,ทวีปยุโรป,0.0,0.0
2025-02,2025,2,1,327,SE,สวีเดน,1B,ทวีปยุโรป,0.0,0.0
2025-02,2025,2,1,304,JP,ญี่ปุ่น,1A,ทวีปเอเชีย,2750.0,9.0
2025-02,2025,2,1,320,GB,สหราชอาณาจักร,1B,ทวีปยุโรป,1358.0,2.0
2025-03,2025,3,1,302,CN,จีน,1A,ทวีปเอเชีย,1466480303.0,5400980.0
2025-03,2025,3,1,373,US,สหรัฐอเมริกา,1C,ทวีปอเมริกาเหนือ,16287984.0,50259.0
2025-03,2025,3,1,371,CA,แคนาดา,1C,ทวีปอเมริกาเหนือ,6385233.0,14574.0
2025-03,2025,3,1,483,AU,ออสเตรเลีย,1F,ทวีปออสเตรเลีย,14145099.0,37325.0
2025-03,2025,3,1,309,TW,ไต้หวัน,1A,ทวีปเอเชีย,8979308.0,24524.0
2025-03,2025,3,1,303,HK,ฮ่องกง,1A,ทวีปเอเชีย,8192293.0,21236.0
2025-03,2025,3,1,313,BE,เบลเยียม,1B,ทวีปยุโรป,3694699.0,6485.0
2025-03,2025,3,1,325,NL,เนเธอร์แลนด์,1B,ทวีปยุโรป,0.0,0.0
2025-03,2025,3,1,497,NZ,นิวซีแลนด์,1F,ทวีปออสเตรเลีย,565959.0,2820.0
2025-03,2025,3,1,308,MO,มาเก๊า,1A,ทวีปเอเชีย,4500911.0,9280.0
2025-03,2025,3,1,315,DE,เยอรมนี,1B,ทวีปยุโรป,2324211.0,6048.0
2025-03,2025,3,1,319,FR,ฝรั่งเศส,1B,ทวีปยุโรป,0.0,0.0
2025-03,2025,3,1,267,ID,อินโดนีเซีย,1A,ทวีปเอเชีย,0.0,0.0
2025-03,2025,3,1,271,MY,มาเลเซีย,1A,ทวีปเอเชีย,0.0,0.0
2025-03,2025,3,1,327,SE,สวีเดน,1B,ทวีปยุโรป,321593.0,654.0
2025-03,2025,3,1,306,KR,เกาหลีใต้,1A,ทวีปเอเชีย,0.0,0.0
2025-03,2025,3,1,304,JP,ญี่ปุ่น,1A,ทวีปเอเชีย,0.0,0.0
2025-03,2025,3,1,320,GB,สหราชอาณาจักร,1B,ทวีปยุโรป,0.0,0.0
2025-04,2025,4,2,302,CN,จีน,1A,ทวีปเอเชีย,1391505308.0,4826771.0
2025-04,2025,4,2,373,US,สหรัฐอเมริกา,1C,ทวีปอเมริกาเหนือ,21346117.0,48976.0
2025-04,2025,4,2,483,AU,ออสเตรเลีย,1F,ทวีปออสเตรเลีย,9671350.0,35337.0
2025-04,2025,4,2,371,CA,แคนาดา,1C,ทวีปอเมริกาเหนือ,6320733.0,12535.0
2025-04,2025,4,2,309,TW,ไต้หวัน,1A,ทวีปเอเชีย,9201937.0,42007.0
2025-04,2025,4,2,303,HK,ฮ่องกง,1A,ทวีปเอเชีย,421053.0,807.0
2025-04,2025,4,2,325,NL,เนเธอร์แลนด์,1B,ทวีปยุโรป,5647629.0,12051.0
2025-04,2025,4,2,313,BE,เบลเยียม,1B,ทวีปยุโรป,0.0,0.0
2025-04,2025,4,2,497,NZ,นิวซีแลนด์,1F,ทวีปออสเตรเลีย,0.0,0.0
2025-04,2025,4,2,308,MO,มาเก๊า,1A,ทวีปเอเชีย,0.0,0.0
2025-04,2025,4,2,315,DE,เยอรมนี,1B,ทวีปยุโรป,0.0,0.0
2025-04,2025,4,2,319,FR,ฝรั่งเศส,1B,ทวีปยุโรป,660197.0,1079.0
2025-04,2025,4,2,271,MY,มาเลเซีย,1A,ทวีปเอเชีย,485000.0,3500.0
2025-04,2025,4,2,267,ID,อินโดนีเซีย,1A,ทวีปเอเชีย,0.0,0.0
2025-04,2025,4,2,327,SE,สวีเดน,1B,ทวีปยุโรป,0.0,0.0
2025-04,2025,4,2,306,KR,เกาหลีใต้,1A,ทวีปเอเชีย,15062.0,180.0
2025-04,2025,4,2,493,NC,นิวแคลีโดเนีย,1F,ทวีปออสเตรเลีย,191287.0,352.0
2025-04,2025,4,2,304,JP,ญี่ปุ่น,1A,ทวีปเอเชีย,0.0,0.0
2025-04,2025,4,2,320,GB,สหราชอาณาจักร,1B,ทวีปยุโรป,0.0,0.0
2025-05,2025,5,2,302,CN,จีน,1A,ทวีปเอเชีย,1729286322.0,6046575.0
2025-05,2025,5,2,373,US,สหรัฐอเมริกา,1C,ทวีปอเมริกาเหนือ,28135051.0,75762.0
2025-05,2025,5,2,371,CA,แคนาดา,1C,ทวีปอเมริกาเหนือ,14217606.0,30774.0
2025-05,2025,5,2,309,TW,ไต้หวัน,1A,ทวีปเอเชีย,14060603.0,47706.0
2025-05,2025,5,2,483,AU,ออสเตรเลีย,1F,ทวีปออสเตรเลีย,317276.0,495.0
2025-05,2025,5,2,325,NL,เนเธอร์แลนด์,1B,ทวีปยุโรป,1014260.0,1883.0
2025-05,2025,5,2,303,HK,ฮ่องกง,1A,ทวีปเอเชีย,1816.0,4.0
2025-05,2025,5,2,313,BE,เบลเยียม,1B,ทวีปยุโรป,3300000.0,5940.0
2025-05,2025,5,2,319,FR,ฝรั่งเศส,1B,ทวีปยุโรป,6985535.0,16522.0
2025-05,2025,5,2,497,NZ,นิวซีแลนด์,1F,ทวีปออสเตรเลีย,0.0,0.0
2025-05,2025,5,2,308,MO,มาเก๊า,1A,ทวีปเอเชีย,0.0,0.0
2025-05,2025,5,2,315,DE,เยอรมนี,1B,ทวีปยุโรป,374092.0,545.0
2025-05,2025,5,2,271,MY,มาเลเซีย,1A,ทวีปเอเชีย,250000.0,2000.0
2025-05,2025,5,2,267,ID,อินโดนีเซีย,1A,ทวีปเอเชีย,0.0,0.0
2025-05,2025,5,2,327,SE,สวีเดน,1B,ทวีปยุโรป,0.0,0.0
2025-05,2025,5,2,306,KR,เกาหลีใต้,1A,ทวีปเอเชีย,350.0,0.0
2025-05,2025,5,2,493,NC,นิวแคลีโดเนีย,1F,ทวีปออสเตรเลีย,0.0,0.0
2025-05,2025,5,2,304,JP,ญี่ปุ่น,1A,ทวีปเอเชีย,0.0,0.0
2025-05,2025,5,2,320,GB,สหราชอาณาจักร,1B,ทวีปยุโรป,0.0,0.0
2025-05,2025,5,2,285,AE,สหรัฐอาหรับเอมิเรตส์,1A,ทวีปเอเชีย,792.0,3.0
2025-06,2025,6,2,302,CN,จีน,1A,ทวีปเอเชีย,2425093987.0,9644327.0
2025-06,2025,6,2,373,US,สหรัฐอเมริกา,1C,ทวีปอเมริกาเหนือ,41848506.0,101743.0
2025-06,2025,6,2,309,TW,ไต้หวัน,1A,ทวีปเอเชีย,9294045.0,44182.0
2025-06,2025,6,2,371,CA,แคนาดา,1C,ทวีปอเมริกาเหนือ,7726742.0,15914.0
2025-06,2025,6,2,483,AU,ออสเตรเลีย,1F,ทวีปออสเตรเลีย,8931059.0,17707.0
2025-06,2025,6,2,325,NL,เนเธอร์แลนด์,1B,ทวีปยุโรป,3800847.0,8775.0
2025-06,2025,6,2,303,HK,ฮ่องกง,1A,ทวีปเอเชีย,2348516.0,6010.0
2025-06,2025,6,2,313,BE,เบลเยียม,1B,ทวีปยุโรป,0.0,0.0
2025-06,2025,6,2,319,FR,ฝรั่งเศส,1B,ทวีปยุโรป,141286.0,262.0
2025-06,2025,6,2,497,NZ,นิวซีแลนด์,1F,ทวีปออสเตรเลีย,1088539.0,2424.0
2025-06,2025,6,2,308,MO,มาเก๊า,1A,ทวีปเอเชีย,0.0,0.0
2025-06,2025,6,2,315,DE,เยอรมนี,1B,ทวีปยุโรป,0.0,0.0
2025-06,2025,6,2,271,MY,มาเลเซีย,1A,ทวีปเอเชีย,284400.0,2000.0
2025-06,2025,6,2,320,GB,สหราชอาณาจักร,1B,ทวีปยุโรป,1553745.0,2678.0
2025-06,2025,6,2,267,ID,อินโดนีเซีย,1A,ทวีปเอเชีย,0.0,0.0
2025-06,2025,6,2,306,KR,เกาหลีใต้,1A,ทวีปเอเชีย,80015.0,200.0
2025-06,2025,6,2,327,SE,สวีเดน,1B,ทวีปยุโรป,0.0,0.0
2025-06,2025,6,2,493,NC,นิวแคลีโดเนีย,1F,ทวีปออสเตรเลีย,0.0,0.0
2025-06,2025,6,2,304,JP,ญี่ปุ่น,1A,ทวีปเอเชีย,0.0,0.0
2025-06,2025,6,2,285,AE,สหรัฐอาหรับเอมิเรตส์,1A,ทวีปเอเชีย,0.0,0.0
2025-07,2025,7,3,302,CN,จีน,1A,ทวีปเอเชีย,3294149095.0,14521419.0
2025-07,2025,7,3,373,US,สหรัฐอเมริกา,1C,ทวีปอเมริกาเหนือ,39024650.0,102999.0
2025-07,2025,7,3,309,TW,ไต้หวัน,1A,ทวีปเอเชีย,17329842.0,79638.0
2025-07,2025,7,3,371,CA,แคนาดา,1C,ทวีปอเมริกาเหนือ,11041481.0,28646.0
2025-07,2025,7,3,483,AU,ออสเตรเลีย,1F,ทวีปออสเตรเลีย,4643993.0,14920.0
2025-07,2025,7,3,303,HK,ฮ่องกง,1A,ทวีปเอเชีย,6398284.0,16792.0
2025-07,2025,7,3,325,NL,เนเธอร์แลนด์,1B,ทวีปยุโรป,3927001.0,8928.0
2025-07,2025,7,3,313,BE,เบลเยียม,1B,ทวีปยุโรป,187905.0,780.0
2025-07,2025,7,3,319,FR,ฝรั่งเศส,1B,ทวีปยุโรป,0.0,0.0
2025-07,2025,7,3,497,NZ,นิวซีแลนด์,1F,ทวีปออสเตรเลีย,1461663.0,2725.0
2025-07,2025,7,3,308,MO,มาเก๊า,1A,ทวีปเอเชีย,0.0,0.0
2025-07,2025,7,3,315,DE,เยอรมนี,1B,ทวีปยุโรป,387633.0,1836.0
2025-07,2025,7,3,306,KR,เกาหลีใต้,1A,ทวีปเอเชีย,2518400.0,6048.0
2025-07,2025,7,3,271,MY,มาเลเซีย,1A,ทวีปเอเชีย,714009.0,5000.0
2025-07,2025,7,3,320,GB,สหราชอาณาจักร,1B,ทวีปยุโรป,273599.0,528.0
2025-07,2025,7,3,267,ID,อินโดนีเซีย,1A,ทวีปเอเชีย,0.0,0.0
2025-07,2025,7,3,327,SE,สวีเดน,1B,ทวีปยุโรป,183195.0,327.0
2025-07,2025,7,3,493,NC,นิวแคลีโดเนีย,1F,ทวีปออสเตรเลีย,0.0,0.0
2025-07,2025,7,3,304,JP,ญี่ปุ่น,1A,ทวีปเอเชีย,97.0,15.0
2025-07,2025,7,3,285,AE,สหรัฐอาหรับเอมิเรตส์,1A,ทวีปเอเชีย,0.0,0.0
2025-08,2025,8,3,302,CN,จีน,1A,ทวีปเอเชีย,2258277087.0,10645827.0
2025-08,2025,8,3,373,US,สหรัฐอเมริกา,1C,ทวีปอเมริกาเหนือ,24653231.0,90210.0
2025-08,2025,8,3,371,CA,แคนาดา,1C,ทวีปอเมริกาเหนือ,15839570.0,37828.0
2025-08,2025,8,3,309,TW,ไต้หวัน,1A,ทวีปเอเชีย,7761370.0,27467.0
2025-08,2025,8,3,483,AU,ออสเตรเลีย,1F,ทวีปออสเตรเลีย,4399728.0,17722.0
2025-08,2025,8,3,303,HK,ฮ่องกง,1A,ทวีปเอเชีย,801873.0,2949.0
2025-08,2025,8,3,325,NL,เนเธอร์แลนด์,1B,ทวีปยุโรป,1151740.0,2995.0
2025-08,2025,8,3,497,NZ,นิวซีแลนด์,1F,ทวีปออสเตรเลีย,3975942.0,18696.0
2025-08,2025,8,3,313,BE,เบลเยียม,1B,ทวีปยุโรป,0.0,0.0
2025-08,2025,8,3,319,FR,ฝรั่งเศส,1B,ทวีปยุโรป,0.0,0.0
2025-08,2025,8,3,315,DE,เยอรมนี,1B,ทวีปยุโรป,1663537.0,5887.0
2025-08,2025,8,3,308,MO,มาเก๊า,1A,ทวีปเอเชีย,0.0,0.0
2025-08,2025,8,3,320,GB,สหราชอาณาจักร,1B,ทวีปยุโรป,2419620.0,4781.0
2025-08,2025,8,3,271,MY,มาเลเซีย,1A,ทวีปเอเชีย,1000000.0,5500.0
2025-08,2025,8,3,306,KR,เกาหลีใต้,1A,ทวีปเอเชีย,0.0,0.0
2025-08,2025,8,3,267,ID,อินโดนีเซีย,1A,ทวีปเอเชีย,0.0,0.0
2025-08,2025,8,3,327,SE,สวีเดน,1B,ทวีปยุโรป,0.0,0.0
2025-08,2025,8,3,493,NC,นิวแคลีโดเนีย,1F,ทวีปออสเตรเลีย,0.0,0.0
2025-08,2025,8,3,304,JP,ญี่ปุ่น,1A,ทวีปเอเชีย,0.0,0.0
2025-08,2025,8,3,285,AE,สหรัฐอาหรับเอมิเรตส์,1A,ทวีปเอเชีย,0.0,0.0
2025-09,2025,9,3,302,CN,จีน,1A,ทวีปเอเชีย,781896479.0,3517673.0
2025-09,2025,9,3,373,US,สหรัฐอเมริกา,1C,ทวีปอเมริกาเหนือ,40418797.0,104530.0
2025-09,2025,9,3,371,CA,แคนาดา,1C,ทวีปอเมริกาเหนือ,13744206.0,37202.0
2025-09,2025,9,3,309,TW,ไต้หวัน,1A,ทวีปเอเชีย,13118542.0,73243.0
2025-09,2025,9,3,483,AU,ออสเตรเลีย,1F,ทวีปออสเตรเลีย,9851553.0,31853.0
2025-09,2025,9,3,303,HK,ฮ่องกง,1A,ทวีปเอเชีย,3023904.0,9435.0
2025-09,2025,9,3,325,NL,เนเธอร์แลนด์,1B,ทวีปยุโรป,342908.0,1789.0
2025-09,2025,9,3,313,BE,เบลเยียม,1B,ทวีปยุโรป,5880000.0,10800.0
2025-09,2025,9,3,497,NZ,นิวซีแลนด์,1F,ทวีปออสเตรเลีย,580906.0,1080.0
2025-09,2025,9,3,319,FR,ฝรั่งเศส,1B,ทวีปยุโรป,0.0,0.0
2025-09,2025,9,3,315,DE,เยอรมนี,1B,ทวีปยุโรป,0.0,0.0
2025-09,2025,9,3,308,MO,มาเก๊า,1A,ทวีปเอเชีย,0.0,0.0
2025-09,2025,9,3,320,GB,สหราชอาณาจักร,1B,ทวีปยุโรป,0.0,0.0
2025-09,2025,9,3,271,MY,มาเลเซีย,1A,ทวีปเอเชีย,0.0,0.0
2025-09,2025,9,3,306,KR,เกาหลีใต้,1A,ทวีปเอเชีย,0.0,0.0
2025-09,2025,9,3,296,SA,ซาอุดีอาระเบีย,1A,ทวีปเอเชีย,2330343.0,5000.0
2025-09,2025,9,3,327,SE,สวีเดน,1B,ทวีปยุโรป,313548.0,1512.0
2025-09,2025,9,3,267,ID,อินโดนีเซีย,1A,ทวีปเอเชีย,0.0,0.0
2025-09,2025,9,3,493,NC,นิวแคลีโดเนีย,1F,ทวีปออสเตรเลีย,0.0,0.0
2025-09,2025,9,3,318,FI,ฟินแลนด์,1B,ทวีปยุโรป,183242.0,458.0
2025-09,2025,9,3,356,CH,สวิตเซอร์แลนด์,1B,ทวีปยุโรป,150684.0,189.0
2025-09,2025,9,3,304,JP,ญี่ปุ่น,1A,ทวีปเอเชีย,0.0,0.0
2025-09,2025,9,3,285,AE,สหรัฐอาหรับเอมิเรตส์,1A,ทวีปเอเชีย,0.0,0.0
2025-10,2025,10,4,302,CN,จีน,1A,ทวีปเอเชีย,530333182.0,2526202.0
2025-10,2025,10,4,373,US,สหรัฐอเมริกา,1C,ทวีปอเมริกาเหนือ,24089607.0,56285.0
2025-10,2025,10,4,371,CA,แคนาดา,1C,ทวีปอเมริกาเหนือ,9454959.0,20715.0
2025-10,2025,10,4,309,TW,ไต้หวัน,1A,ทวีปเอเชีย,5593679.0,17389.0
2025-10,2025,10,4,483,AU,ออสเตรเลีย,1F,ทวีปออสเตรเลีย,11713706.0,46286.0
2025-10,2025,10,4,303,HK,ฮ่องกง,1A,ทวีปเอเชีย,2268841.0,5506.0
2025-10,2025,10,4,325,NL,เนเธอร์แลนด์,1B,ทวีปยุโรป,489544.0,1206.0
2025-10,2025,10,4,313,BE,เบลเยียม,1B,ทวีปยุโรป,447016.0,687.0
2025-10,2025,10,4,497,NZ,นิวซีแลนด์,1F,ทวีปออสเตรเลีย,4867892.0,10017.0
2025-10,2025,10,4,319,FR,ฝรั่งเศส,1B,ทวีปยุโรป,5448415.0,16550.0
2025-10,2025,10,4,315,DE,เยอรมนี,1B,ทวีปยุโรป,0.0,0.0
2025-10,2025,10,4,308,MO,มาเก๊า,1A,ทวีปเอเชีย,0.0,0.0
2025-10,2025,10,4,271,MY,มาเลเซีย,1A,ทวีปเอเชีย,770000.0,5000.0
2025-10,2025,10,4,320,GB,สหราชอาณาจักร,1B,ทวีปยุโรป,0.0,0.0
2025-10,2025,10,4,285,AE,สหรัฐอาหรับเอมิเรตส์,1A,ทวีปเอเชีย,4152739.0,6264.0
2025-10,2025,10,4,306,KR,เกาหลีใต้,1A,ทวีปเอเชีย,0.0,0.0
2025-10,2025,10,4,296,SA,ซาอุดีอาระเบีย,1A,ทวีปเอเชีย,0.0,0.0
2025-10,2025,10,4,327,SE,สวีเดน,1B,ทวีปยุโรป,73872.0,360.0
2025-10,2025,10,4,267,ID,อินโดนีเซีย,1A,ทวีปเอเชีย,0.0,0.0
2025-10,2025,10,4,493,NC,นิวแคลีโดเนีย,1F,ทวีปออสเตรเลีย,0.0,0.0
2025-10,2025,10,4,318,FI,ฟินแลนด์,1B,ทวีปยุโรป,0.0,0.0
2025-10,2025,10,4,356,CH,สวิตเซอร์แลนด์,1B,ทวีปยุโรป,0.0,0.0
2025-10,2025,10,4,304,JP,ญี่ปุ่น,1A,ทวีปเอเชีย,0.0,0.0
2025-11,2025,11,4,302,CN,จีน,1A,ทวีปเอเชีย,626599928.0,3001035.0
2025-11,2025,11,4,373,US,สหรัฐอเมริกา,1C,ทวีปอเมริกาเหนือ,45980442.0,89351.0
2025-11,2025,11,4,371,CA,แคนาดา,1C,ทวีปอเมริกาเหนือ,11412711.0,25622.0
2025-11,2025,11,4,309,TW,ไต้หวัน,1A,ทวีปเอเชีย,5777672.0,9418.0
2025-11,2025,11,4,483,AU,ออสเตรเลีย,1F,ทวีปออสเตรเลีย,521405.0,843.0
2025-11,2025,11,4,303,HK,ฮ่องกง,1A,ทวีปเอเชีย,2530780.0,6505.0
2025-11,2025,11,4,325,NL,เนเธอร์แลนด์,1B,ทวีปยุโรป,1197002.0,2746.0
2025-11,2025,11,4,497,NZ,นิวซีแลนด์,1F,ทวีปออสเตรเลีย,2940640.0,5747.0
2025-11,2025,11,4,313,BE,เบลเยียม,1B,ทวีปยุโรป,0.0,0.0
2025-11,2025,11,4,319,FR,ฝรั่งเศส,1B,ทวีปยุโรป,856094.0,1526.0
2025-11,2025,11,4,308,MO,มาเก๊า,1A,ทวีปเอเชีย,4891228.0,10400.0
2025-11,2025,11,4,315,DE,เยอรมนี,1B,ทวีปยุโรป,0.0,0.0
2025-11,2025,11,4,271,MY,มาเลเซีย,1A,ทวีปเอเชีย,0.0,0.0
2025-11,2025,11,4,320,GB,สหราชอาณาจักร,1B,ทวีปยุโรป,0.0,0.0
2025-11,2025,11,4,285,AE,สหรัฐอาหรับเอมิเรตส์,1A,ทวีปเอเชีย,0.0,0.0
2025-11,2025,11,4,306,KR,เกาหลีใต้,1A,ทวีปเอเชีย,0.0,0.0
2025-11,2025,11,4,296,SA,ซาอุดีอาระเบีย,1A,ทวีปเอเชีย,0.0,0.0
2025-11,2025,11,4,327,SE,สวีเดน,1B,ทวีปยุโรป,133633.0,269.0
2025-11,2025,11,4,267,ID,อินโดนีเซีย,1A,ทวีปเอเชีย,0.0,0.0
2025-11,2025,11,4,304,JP,ญี่ปุ่น,1A,ทวีปเอเชีย,490215.0,1224.0
2025-11,2025,11,4,493,NC,นิวแคลีโดเนีย,1F,ทวีปออสเตรเลีย,0.0,0.0
2025-11,2025,11,4,318,FI,ฟินแลนด์,1B,ทวีปยุโรป,0.0,0.0
2025-11,2025,11,4,356,CH,สวิตเซอร์แลนด์,1B,ทวีปยุโรป,0.0,0.0
2025-12,2025,12,4,302,CN,จีน,1A,ทวีปเอเชีย,425678894.0,1856378.0
2025-12,2025,12,4,373,US,สหรัฐอเมริกา,1C,ทวีปอเมริกาเหนือ,21326831.0,56683.0
2025-12,2025,12,4,371,CA,แคนาดา,1C,ทวีปอเมริกาเหนือ,11370048.0,27665.0
2025-12,2025,12,4,309,TW,ไต้หวัน,1A,ทวีปเอเชีย,5153158.0,14656.0
2025-12,2025,12,4,483,AU,ออสเตรเลีย,1F,ทวีปออสเตรเลีย,5181596.0,9832.0
2025-12,2025,12,4,303,HK,ฮ่องกง,1A,ทวีปเอเชีย,2148926.0,6370.0
2025-12,2025,12,4,325,NL,เนเธอร์แลนด์,1B,ทวีปยุโรป,3518536.0,8015.0
2025-12,2025,12,4,497,NZ,นิวซีแลนด์,1F,ทวีปออสเตรเลีย,0.0,0.0
2025-12,2025,12,4,313,BE,เบลเยียม,1B,ทวีปยุโรป,0.0,0.0
2025-12,2025,12,4,319,FR,ฝรั่งเศส,1B,ทวีปยุโรป,270095.0,556.0
2025-12,2025,12,4,308,MO,มาเก๊า,1A,ทวีปเอเชีย,0.0,0.0
2025-12,2025,12,4,315,DE,เยอรมนี,1B,ทวีปยุโรป,0.0,0.0
2025-12,2025,12,4,271,MY,มาเลเซีย,1A,ทวีปเอเชีย,512000.0,3000.0
2025-12,2025,12,4,320,GB,สหราชอาณาจักร,1B,ทวีปยุโรป,0.0,0.0
2025-12,2025,12,4,285,AE,สหรัฐอาหรับเอมิเรตส์,1A,ทวีปเอเชีย,0.0,0.0
2025-12,2025,12,4,306,KR,เกาหลีใต้,1A,ทวีปเอเชีย,0.0,0.0
2025-12,2025,12,4,267,ID,อินโดนีเซีย,1A,ทวีปเอเชีย,1424549.0,3375.0
2025-12,2025,12,4,296,SA,ซาอุดีอาระเบีย,1A,ทวีปเอเชีย,0.0,0.0
2025-12,2025,12,4,327,SE,สวีเดน,1B,ทวีปยุโรป,0.0,0.0
2025-12,2025,12,4,304,JP,ญี่ปุ่น,1A,ทวีปเอเชีย,0.0,0.0
2025-12,2025,12,4,493,NC,นิวแคลีโดเนีย,1F,ทวีปออสเตรเลีย,0.0,0.0
2025-12,2025,12,4,318,FI,ฟินแลนด์,1B,ทวีปยุโรป,0.0,0.0
2025-12,2025,12,4,356,CH,สวิตเซอร์แลนด์,1B,ทวีปยุโรป,0.0,0.0
2026-01,2026,1,1,302,CN,จีน,1A,ทวีปเอเชีย,414313449.0,2295093.0
2026-01,2026,1,1,373,US,สหรัฐอเมริกา,1C,ทวีปอเมริกาเหนือ,10844810.0,30685.0
2026-01,2026,1,1,371,CA,แคนาดา,1C,ทวีปอเมริกาเหนือ,5788528.0,11770.0
2026-01,2026,1,1,483,AU,ออสเตรเลีย,1F,ทวีปออสเตรเลีย,3327934.0,7365.0
2026-01,2026,1,1,309,TW,ไต้หวัน,1A,ทวีปเอเชีย,2282760.0,18995.0
2026-01,2026,1,1,303,HK,ฮ่องกง,1A,ทวีปเอเชีย,1759395.0,4650.0
2026-01,2026,1,1,337,GE,จอร์เจีย,1A,ทวีปเอเชีย,461285.0,1024.0
2026-01,2026,1,1,497,NZ,นิวซีแลนด์,1F,ทวีปออสเตรเลีย,178921.0,960.0
2026-01,2026,1,1,319,FR,ฝรั่งเศส,1B,ทวีปยุโรป,131768.0,272.0
2026-01,2026,1,1,325,NL,เนเธอร์แลนด์,1B,ทวีปยุโรป,113646.0,218.0
2026-02,2026,2,1,302,CN,จีน,1A,ทวีปเอเชีย,432516345.0,2359544.0
2026-02,2026,2,1,371,CA,แคนาดา,1C,ทวีปอเมริกาเหนือ,21398220.0,52196.0
2026-02,2026,2,1,373,US,สหรัฐอเมริกา,1C,ทวีปอเมริกาเหนือ,11579762.0,23020.0
2026-02,2026,2,1,483,AU,ออสเตรเลีย,1F,ทวีปออสเตรเลีย,12455419.0,39920.0
2026-02,2026,2,1,325,NL,เนเธอร์แลนด์,1B,ทวีปยุโรป,3817763.0,9288.0
2026-02,2026,2,1,309,TW,ไต้หวัน,1A,ทวีปเอเชีย,1038312.0,5148.0
2026-02,2026,2,1,303,HK,ฮ่องกง,1A,ทวีปเอเชีย,1142219.0,3375.0
2026-02,2026,2,1,306,KR,เกาหลีใต้,1A,ทวีปเอเชีย,1046179.0,2250.0
2026-02,2026,2,1,319,FR,ฝรั่งเศส,1B,ทวีปยุโรป,854722.0,1635.0
2026-02,2026,2,1,337,GE,จอร์เจีย,1A,ทวีปเอเชีย,0.0,0.0
2026-02,2026,2,1,497,NZ,นิวซีแลนด์,1F,ทวีปออสเตรเลีย,0.0,0.0
2026-02,2026,2,1,493,NC,นิวแคลีโดเนีย,1F,ทวีปออสเตรเลีย,48357.0,240.0
2026-03,2026,3,1,302,CN,จีน,1A,ทวีปเอเชีย,375093277.0,1921292.0
2026-03,2026,3,1,373,US,สหรัฐอเมริกา,1C,ทวีปอเมริกาเหนือ,47371633.0,104696.0
2026-03,2026,3,1,371,CA,แคนาดา,1C,ทวีปอเมริกาเหนือ,6448067.0,15508.0
2026-03,2026,3,1,483,AU,ออสเตรเลีย,1F,ทวีปออสเตรเลีย,9443483.0,45560.0
2026-03,2026,3,1,309,TW,ไต้หวัน,1A,ทวีปเอเชีย,4198751.0,16510.0
2026-03,2026,3,1,325,NL,เนเธอร์แลนด์,1B,ทวีปยุโรป,1533303.0,3222.0
2026-03,2026,3,1,303,HK,ฮ่องกง,1A,ทวีปเอเชีย,132368.0,300.0
2026-03,2026,3,1,497,NZ,นิวซีแลนด์,1F,ทวีปออสเตรเลีย,1120016.0,2664.0
2026-03,2026,3,1,306,KR,เกาหลีใต้,1A,ทวีปเอเชีย,0.0,0.0
2026-03,2026,3,1,319,FR,ฝรั่งเศส,1B,ทวีปยุโรป,0.0,0.0
2026-03,2026,3,1,337,GE,จอร์เจีย,1A,ทวีปเอเชีย,0.0,0.0
2026-03,2026,3,1,493,NC,นิวแคลีโดเนีย,1F,ทวีปออสเตรเลีย,0.0,0.0
2026-04,2026,4,2,302,CN,จีน,1A,ทวีปเอเชีย,244710186.0,1004842.0
2026-04,2026,4,2,373,US,สหรัฐอเมริกา,1C,ทวีปอเมริกาเหนือ,11870419.0,24806.0
2026-04,2026,4,2,371,CA,แคนาดา,1C,ทวีปอเมริกาเหนือ,8160455.0,17527.0
2026-04,2026,4,2,483,AU,ออสเตรเลีย,1F,ทวีปออสเตรเลีย,1939815.0,4509.0
2026-04,2026,4,2,309,TW,ไต้หวัน,1A,ทวีปเอเชีย,6635715.0,30500.0
2026-04,2026,4,2,325,NL,เนเธอร์แลนด์,1B,ทวีปยุโรป,0.0,0.0
2026-04,2026,4,2,303,HK,ฮ่องกง,1A,ทวีปเอเชีย,1703158.0,4575.0
2026-04,2026,4,2,313,BE,เบลเยียม,1B,ทวีปยุโรป,2987040.0,5486.0
2026-04,2026,4,2,497,NZ,นิวซีแลนด์,1F,ทวีปออสเตรเลีย,0.0,0.0
2026-04,2026,4,2,306,KR,เกาหลีใต้,1A,ทวีปเอเชีย,0.0,0.0
2026-04,2026,4,2,319,FR,ฝรั่งเศส,1B,ทวีปยุโรป,0.0,0.0
2026-04,2026,4,2,271,MY,มาเลเซีย,1A,ทวีปเอเชีย,700000.0,7300.0
2026-04,2026,4,2,337,GE,จอร์เจีย,1A,ทวีปเอเชีย,0.0,0.0
2026-04,2026,4,2,315,DE,เยอรมนี,1B,ทวีปยุโรป,378733.0,1800.0
2026-04,2026,4,2,493,NC,นิวแคลีโดเนีย,1F,ทวีปออสเตรเลีย,0.0,0.0
2026-04,2026,4,2,304,JP,ญี่ปุ่น,1A,ทวีปเอเชีย,129.0,1.0
